"","Pokedex Number","Name","Generation","Status","1st Type","2nd Type","1st Ability","2nd Ability","Hidden Ability","Total Points","Cluster"
"1",1,"Bulbasaur",1,"Normal","Grass","Poison","Overgrow","","Chlorophyll",318,"weak"
"2",2,"Ivysaur",1,"Normal","Grass","Poison","Overgrow","","Chlorophyll",405,"weak"
"3",3,"Venusaur",1,"Normal","Grass","Poison","Overgrow","","Chlorophyll",525,"strong"
"4",3,"Mega Venusaur",1,"Normal","Grass","Poison","Thick Fat","","",625,"strong"
"5",4,"Charmander",1,"Normal","Fire","","Blaze","","Solar Power",309,"weak"
"6",5,"Charmeleon",1,"Normal","Fire","","Blaze","","Solar Power",405,"weak"
"7",6,"Charizard",1,"Normal","Fire","Flying","Blaze","","Solar Power",534,"strong"
"8",6,"Mega Charizard X",1,"Normal","Fire","Dragon","Tough Claws","","",634,"strong"
"9",6,"Mega Charizard Y",1,"Normal","Fire","Flying","Drought","","",634,"strong"
"10",7,"Squirtle",1,"Normal","Water","","Torrent","","Rain Dish",314,"weak"
"11",8,"Wartortle",1,"Normal","Water","","Torrent","","Rain Dish",405,"weak"
"12",9,"Blastoise",1,"Normal","Water","","Torrent","","Rain Dish",530,"strong"
"13",9,"Mega Blastoise",1,"Normal","Water","","Mega Launcher","","",630,"strong"
"14",10,"Caterpie",1,"Normal","Bug","","Shield Dust","","Run Away",195,"weak"
"15",11,"Metapod",1,"Normal","Bug","","Shed Skin","","",205,"weak"
"16",12,"Butterfree",1,"Normal","Bug","Flying","Compound Eyes","","Tinted Lens",395,"weak"
"17",13,"Weedle",1,"Normal","Bug","Poison","Shield Dust","","Run Away",195,"weak"
"18",14,"Kakuna",1,"Normal","Bug","Poison","Shed Skin","","",205,"weak"
"19",15,"Beedrill",1,"Normal","Bug","Poison","Swarm","","Sniper",395,"weak"
"20",15,"Mega Beedrill",1,"Normal","Bug","Poison","Adaptability","","",495,"strong"
"21",16,"Pidgey",1,"Normal","Normal","Flying","Keen Eye","Tangled Feet","Big Pecks",251,"weak"
"22",17,"Pidgeotto",1,"Normal","Normal","Flying","Keen Eye","Tangled Feet","Big Pecks",349,"weak"
"23",18,"Pidgeot",1,"Normal","Normal","Flying","Keen Eye","Tangled Feet","Big Pecks",479,"strong"
"24",18,"Mega Pidgeot",1,"Normal","Normal","Flying","No Guard","","",579,"strong"
"25",19,"Rattata",1,"Normal","Normal","","Run Away","Guts","Hustle",253,"weak"
"26",19,"Alolan Rattata",1,"Normal","Dark","Normal","Gluttony","Hustle","Thick Fat",253,"weak"
"27",20,"Raticate",1,"Normal","Normal","","Run Away","Guts","Hustle",413,"weak"
"28",20,"Alolan Raticate",1,"Normal","Dark","Normal","Gluttony","Hustle","Thick Fat",413,"weak"
"29",21,"Spearow",1,"Normal","Normal","Flying","Keen Eye","","Sniper",262,"weak"
"30",22,"Fearow",1,"Normal","Normal","Flying","Keen Eye","","Sniper",442,"strong"
"31",23,"Ekans",1,"Normal","Poison","","Intimidate","Shed Skin","Unnerve",288,"weak"
"32",24,"Arbok",1,"Normal","Poison","","Intimidate","Shed Skin","Unnerve",448,"strong"
"33",25,"Pikachu",1,"Normal","Electric","","Static","","Lightning Rod",320,"weak"
"34",25,"Partner Pikachu",1,"Normal","Electric","","","","Lightning Rod",430,"weak"
"35",26,"Raichu",1,"Normal","Electric","","Static","","Lightning Rod",485,"strong"
"36",26,"Alolan Raichu",1,"Normal","Electric","Psychic","Surge Surfer","","",485,"strong"
"37",27,"Sandshrew",1,"Normal","Ground","","Sand Veil","","Sand Rush",300,"weak"
"38",27,"Alolan Sandshrew",1,"Normal","Ice","Steel","Snow Cloak","","Slush Rush",300,"weak"
"39",28,"Sandslash",1,"Normal","Ground","","Sand Veil","","Sand Rush",450,"strong"
"40",28,"Alolan Sandslash",1,"Normal","Ice","Steel","Snow Cloak","","Slush Rush",450,"strong"
"41",29,"Nidoran♀",1,"Normal","Poison","","Poison Point","Rivalry","Hustle",275,"weak"
"42",30,"Nidorina",1,"Normal","Poison","","Poison Point","Rivalry","Hustle",365,"weak"
"43",31,"Nidoqueen",1,"Normal","Poison","Ground","Poison Point","Rivalry","Sheer Force",505,"strong"
"44",32,"Nidoran♂",1,"Normal","Poison","","Poison Point","Rivalry","Hustle",273,"weak"
"45",33,"Nidorino",1,"Normal","Poison","","Poison Point","Rivalry","Hustle",365,"weak"
"46",34,"Nidoking",1,"Normal","Poison","Ground","Poison Point","Rivalry","Sheer Force",505,"strong"
"47",35,"Clefairy",1,"Normal","Fairy","","Cute Charm","Magic Guard","Friend Guard",323,"weak"
"48",36,"Clefable",1,"Normal","Fairy","","Cute Charm","Magic Guard","Unaware",483,"strong"
"49",37,"Vulpix",1,"Normal","Fire","","Flash Fire","","Drought",299,"weak"
"50",37,"Alolan Vulpix",1,"Normal","Ice","","Snow Cloak","","Snow Warning",299,"weak"
"51",38,"Ninetales",1,"Normal","Fire","","Flash Fire","","Drought",505,"strong"
"52",38,"Alolan Ninetales",1,"Normal","Ice","Fairy","Snow Cloak","","Snow Warning",505,"strong"
"53",39,"Jigglypuff",1,"Normal","Normal","Fairy","Cute Charm","Competitive","Friend Guard",270,"weak"
"54",40,"Wigglytuff",1,"Normal","Normal","Fairy","Cute Charm","Competitive","Frisk",435,"strong"
"55",41,"Zubat",1,"Normal","Poison","Flying","Inner Focus","","Infiltrator",245,"weak"
"56",42,"Golbat",1,"Normal","Poison","Flying","Inner Focus","","Infiltrator",455,"strong"
"57",43,"Oddish",1,"Normal","Grass","Poison","Chlorophyll","","Run Away",320,"weak"
"58",44,"Gloom",1,"Normal","Grass","Poison","Chlorophyll","","Stench",395,"weak"
"59",45,"Vileplume",1,"Normal","Grass","Poison","Chlorophyll","","Effect Spore",490,"strong"
"60",46,"Paras",1,"Normal","Bug","Grass","Effect Spore","Dry Skin","Damp",285,"weak"
"61",47,"Parasect",1,"Normal","Bug","Grass","Effect Spore","Dry Skin","Damp",405,"weak"
"62",48,"Venonat",1,"Normal","Bug","Poison","Compound Eyes","Tinted Lens","Run Away",305,"weak"
"63",49,"Venomoth",1,"Normal","Bug","Poison","Shield Dust","Tinted Lens","Wonder Skin",450,"strong"
"64",50,"Diglett",1,"Normal","Ground","","Sand Veil","Arena Trap","Sand Force",265,"weak"
"65",50,"Alolan Diglett",1,"Normal","Ground","Steel","Sand Veil","Tangling Hair","Sand Force",265,"weak"
"66",51,"Dugtrio",1,"Normal","Ground","","Sand Veil","Arena Trap","Sand Force",425,"weak"
"67",51,"Alolan Dugtrio",1,"Normal","Ground","Steel","Sand Veil","Tangling Hair","Sand Force",425,"weak"
"68",52,"Meowth",1,"Normal","Normal","","Pickup","Technician","Unnerve",290,"weak"
"69",52,"Alolan Meowth",1,"Normal","Dark","","Pickup","Technician","Rattled",290,"weak"
"70",52,"Galarian Meowth",1,"Normal","Steel","","Pickup","Tough Claws","Unnerve",290,"weak"
"71",53,"Persian",1,"Normal","Normal","","Limber","Technician","Unnerve",440,"strong"
"72",53,"Alolan Persian",1,"Normal","Dark","","Fur Coat","Technician","Rattled",440,"strong"
"73",54,"Psyduck",1,"Normal","Water","","Damp","Cloud Nine","Swift Swim",320,"weak"
"74",55,"Golduck",1,"Normal","Water","","Damp","Cloud Nine","Swift Swim",500,"strong"
"75",56,"Mankey",1,"Normal","Fighting","","Vital Spirit","Anger Point","Defiant",305,"weak"
"76",57,"Primeape",1,"Normal","Fighting","","Vital Spirit","Anger Point","Defiant",455,"strong"
"77",58,"Growlithe",1,"Normal","Fire","","Intimidate","Flash Fire","Justified",350,"weak"
"78",59,"Arcanine",1,"Normal","Fire","","Intimidate","Flash Fire","Justified",555,"strong"
"79",60,"Poliwag",1,"Normal","Water","","Water Absorb","Damp","Swift Swim",300,"weak"
"80",61,"Poliwhirl",1,"Normal","Water","","Water Absorb","Damp","Swift Swim",385,"weak"
"81",62,"Poliwrath",1,"Normal","Water","Fighting","Water Absorb","Damp","Swift Swim",510,"strong"
"82",63,"Abra",1,"Normal","Psychic","","Synchronize","Inner Focus","Magic Guard",310,"weak"
"83",64,"Kadabra",1,"Normal","Psychic","","Synchronize","Inner Focus","Magic Guard",400,"weak"
"84",65,"Alakazam",1,"Normal","Psychic","","Synchronize","Inner Focus","Magic Guard",500,"strong"
"85",65,"Mega Alakazam",1,"Normal","Psychic","","Trace","","",600,"strong"
"86",66,"Machop",1,"Normal","Fighting","","Guts","No Guard","Steadfast",305,"weak"
"87",67,"Machoke",1,"Normal","Fighting","","Guts","No Guard","Steadfast",405,"weak"
"88",68,"Machamp",1,"Normal","Fighting","","Guts","No Guard","Steadfast",505,"strong"
"89",69,"Bellsprout",1,"Normal","Grass","Poison","Chlorophyll","","Gluttony",300,"weak"
"90",70,"Weepinbell",1,"Normal","Grass","Poison","Chlorophyll","","Gluttony",390,"weak"
"91",71,"Victreebel",1,"Normal","Grass","Poison","Chlorophyll","","Gluttony",490,"strong"
"92",72,"Tentacool",1,"Normal","Water","Poison","Clear Body","Liquid Ooze","Rain Dish",335,"weak"
"93",73,"Tentacruel",1,"Normal","Water","Poison","Clear Body","Liquid Ooze","Rain Dish",515,"strong"
"94",74,"Geodude",1,"Normal","Rock","Ground","Rock Head","Sturdy","Sand Veil",300,"weak"
"95",74,"Alolan Geodude",1,"Normal","Rock","Electric","Magnet Pull","Sturdy","Galvanize",300,"weak"
"96",75,"Graveler",1,"Normal","Rock","Ground","Rock Head","Sturdy","Sand Veil",390,"weak"
"97",75,"Alolan Graveler",1,"Normal","Rock","Electric","Magnet Pull","Sturdy","Galvanize",390,"weak"
"98",76,"Golem",1,"Normal","Rock","Ground","Rock Head","Sturdy","Sand Veil",495,"strong"
"99",76,"Alolan Golem",1,"Normal","Rock","Electric","Magnet Pull","Sturdy","Galvanize",495,"strong"
"100",77,"Ponyta",1,"Normal","Fire","","Run Away","Flash Fire","Flame Body",410,"weak"
"101",77,"Galarian Ponyta",1,"Normal","Psychic","","Run Away","Pastel Veil","Anticipation",410,"weak"
"102",78,"Rapidash",1,"Normal","Fire","","Run Away","Flash Fire","Flame Body",500,"strong"
"103",78,"Galarian Rapidash",1,"Normal","Psychic","Fairy","Run Away","Pastel Veil","Anticipation",500,"strong"
"104",79,"Slowpoke",1,"Normal","Water","Psychic","Oblivious","Own Tempo","Regenerator",315,"weak"
"105",80,"Slowbro",1,"Normal","Water","Psychic","Oblivious","Own Tempo","Regenerator",490,"strong"
"106",80,"Mega Slowbro",1,"Normal","Water","Psychic","Shell Armor","","",590,"strong"
"107",81,"Magnemite",1,"Normal","Electric","Steel","Magnet Pull","Sturdy","Analytic",325,"weak"
"108",82,"Magneton",1,"Normal","Electric","Steel","Magnet Pull","Sturdy","Analytic",465,"strong"
"109",83,"Farfetch'd",1,"Normal","Normal","Flying","Keen Eye","Inner Focus","Defiant",377,"weak"
"110",83,"Galarian Farfetch'd",1,"Normal","Fighting","","Steadfast","","Scrappy",377,"weak"
"111",84,"Doduo",1,"Normal","Normal","Flying","Run Away","Early Bird","Tangled Feet",310,"weak"
"112",85,"Dodrio",1,"Normal","Normal","Flying","Run Away","Early Bird","Tangled Feet",470,"strong"
"113",86,"Seel",1,"Normal","Water","","Thick Fat","Hydration","Ice Body",325,"weak"
"114",87,"Dewgong",1,"Normal","Water","Ice","Thick Fat","Hydration","Ice Body",475,"strong"
"115",88,"Grimer",1,"Normal","Poison","","Stench","Sticky Hold","Poison Touch",325,"weak"
"116",88,"Alolan Grimer",1,"Normal","Poison","Dark","Poison Touch","Gluttony","Power of Alchemy",325,"weak"
"117",89,"Muk",1,"Normal","Poison","","Stench","Sticky Hold","Poison Touch",500,"strong"
"118",89,"Alolan Muk",1,"Normal","Poison","Dark","Poison Touch","Gluttony","Power of Alchemy",500,"strong"
"119",90,"Shellder",1,"Normal","Water","","Shell Armor","Skill Link","Overcoat",305,"weak"
"120",91,"Cloyster",1,"Normal","Water","Ice","Shell Armor","Skill Link","Overcoat",525,"strong"
"121",92,"Gastly",1,"Normal","Ghost","Poison","Levitate","","",310,"weak"
"122",93,"Haunter",1,"Normal","Ghost","Poison","Levitate","","",405,"weak"
"123",94,"Gengar",1,"Normal","Ghost","Poison","Cursed Body","","",500,"strong"
"124",94,"Mega Gengar",1,"Normal","Ghost","Poison","Shadow Tag","","",600,"strong"
"125",95,"Onix",1,"Normal","Rock","Ground","Rock Head","Sturdy","Weak Armor",385,"weak"
"126",96,"Drowzee",1,"Normal","Psychic","","Insomnia","Forewarn","Inner Focus",328,"weak"
"127",97,"Hypno",1,"Normal","Psychic","","Insomnia","Forewarn","Inner Focus",483,"strong"
"128",98,"Krabby",1,"Normal","Water","","Hyper Cutter","Shell Armor","Sheer Force",325,"weak"
"129",99,"Kingler",1,"Normal","Water","","Hyper Cutter","Shell Armor","Sheer Force",475,"strong"
"130",100,"Voltorb",1,"Normal","Electric","","Soundproof","Static","Aftermath",330,"weak"
"131",101,"Electrode",1,"Normal","Electric","","Soundproof","Static","Aftermath",490,"strong"
"132",102,"Exeggcute",1,"Normal","Grass","Psychic","Chlorophyll","","Harvest",325,"weak"
"133",103,"Exeggutor",1,"Normal","Grass","Psychic","Chlorophyll","","Harvest",530,"strong"
"134",103,"Alolan Exeggutor",1,"Normal","Grass","Dragon","Frisk","","Harvest",530,"strong"
"135",104,"Cubone",1,"Normal","Ground","","Rock Head","Lightning Rod","Battle Armor",320,"weak"
"136",105,"Marowak",1,"Normal","Ground","","Rock Head","Lightning Rod","Battle Armor",425,"strong"
"137",105,"Alolan Marowak",1,"Normal","Fire","Ghost","Cursed Body","Lightning Rod","Rock Head",425,"strong"
"138",106,"Hitmonlee",1,"Normal","Fighting","","Limber","Reckless","Unburden",455,"strong"
"139",107,"Hitmonchan",1,"Normal","Fighting","","Keen Eye","Iron Fist","Inner Focus",455,"strong"
"140",108,"Lickitung",1,"Normal","Normal","","Own Tempo","Oblivious","Cloud Nine",385,"weak"
"141",109,"Koffing",1,"Normal","Poison","","Levitate","Neutralizing Gas","Stench",340,"weak"
"142",110,"Weezing",1,"Normal","Poison","","Levitate","Neutralizing Gas","Stench",490,"strong"
"143",110,"Galarian Weezing",1,"Normal","Poison","Fairy","Levitate","Neutralizing Gas","Misty Surge",490,"strong"
"144",111,"Rhyhorn",1,"Normal","Ground","Rock","Lightning Rod","Rock Head","Reckless",345,"weak"
"145",112,"Rhydon",1,"Normal","Ground","Rock","Lightning Rod","Rock Head","Reckless",485,"strong"
"146",113,"Chansey",1,"Normal","Normal","","Natural Cure","Serene Grace","Healer",450,"strong"
"147",114,"Tangela",1,"Normal","Grass","","Chlorophyll","Leaf Guard","Regenerator",435,"strong"
"148",115,"Kangaskhan",1,"Normal","Normal","","Early Bird","Scrappy","Inner Focus",490,"strong"
"149",115,"Mega Kangaskhan",1,"Normal","Normal","","Parental Bond","","",590,"strong"
"150",116,"Horsea",1,"Normal","Water","","Swift Swim","Sniper","Damp",295,"weak"
"151",117,"Seadra",1,"Normal","Water","","Poison Point","Sniper","Damp",440,"strong"
"152",118,"Goldeen",1,"Normal","Water","","Swift Swim","Water Veil","Lightning Rod",320,"weak"
"153",119,"Seaking",1,"Normal","Water","","Swift Swim","Water Veil","Lightning Rod",450,"strong"
"154",120,"Staryu",1,"Normal","Water","","Illuminate","Natural Cure","Analytic",340,"weak"
"155",121,"Starmie",1,"Normal","Water","Psychic","Illuminate","Natural Cure","Analytic",520,"strong"
"156",122,"Mr. Mime",1,"Normal","Psychic","Fairy","Soundproof","Filter","Technician",460,"strong"
"157",122,"Galarian Mr. Mime",1,"Normal","Psychic","Ice","Vital Spirit","Screen Cleaner","Ice Body",460,"strong"
"158",123,"Scyther",1,"Normal","Bug","Flying","Swarm","Technician","Steadfast",500,"strong"
"159",124,"Jynx",1,"Normal","Ice","Psychic","Oblivious","Forewarn","Dry Skin",455,"strong"
"160",125,"Electabuzz",1,"Normal","Electric","","Static","","Vital Spirit",490,"strong"
"161",126,"Magmar",1,"Normal","Fire","","Flame Body","","Vital Spirit",495,"strong"
"162",127,"Pinsir",1,"Normal","Bug","","Hyper Cutter","Mold Breaker","Moxie",500,"strong"
"163",127,"Mega Pinsir",1,"Normal","Bug","Flying","Aerilate","","",600,"strong"
"164",128,"Tauros",1,"Normal","Normal","","Intimidate","Anger Point","Sheer Force",490,"strong"
"165",129,"Magikarp",1,"Normal","Water","","Swift Swim","","Rattled",200,"weak"
"166",130,"Gyarados",1,"Normal","Water","Flying","Intimidate","","Moxie",540,"strong"
"167",130,"Mega Gyarados",1,"Normal","Water","Dark","Mold Breaker","","",640,"strong"
"168",131,"Lapras",1,"Normal","Water","Ice","Water Absorb","Shell Armor","Hydration",535,"strong"
"169",132,"Ditto",1,"Normal","Normal","","Limber","","Imposter",288,"weak"
"170",133,"Eevee",1,"Normal","Normal","","Run Away","Adaptability","Anticipation",325,"weak"
"171",133,"Partner Eevee",1,"Normal","Normal","","","","Anticipation",435,"strong"
"172",134,"Vaporeon",1,"Normal","Water","","Water Absorb","","Hydration",525,"strong"
"173",135,"Jolteon",1,"Normal","Electric","","Volt Absorb","","Quick Feet",525,"strong"
"174",136,"Flareon",1,"Normal","Fire","","Flash Fire","","Guts",525,"strong"
"175",137,"Porygon",1,"Normal","Normal","","Trace","Download","Analytic",395,"weak"
"176",138,"Omanyte",1,"Normal","Rock","Water","Swift Swim","Shell Armor","Weak Armor",355,"weak"
"177",139,"Omastar",1,"Normal","Rock","Water","Swift Swim","Shell Armor","Weak Armor",495,"strong"
"178",140,"Kabuto",1,"Normal","Rock","Water","Swift Swim","Battle Armor","Weak Armor",355,"weak"
"179",141,"Kabutops",1,"Normal","Rock","Water","Swift Swim","Battle Armor","Weak Armor",495,"strong"
"180",142,"Aerodactyl",1,"Normal","Rock","Flying","Rock Head","Pressure","Unnerve",515,"strong"
"181",142,"Mega Aerodactyl",1,"Normal","Rock","Flying","Tough Claws","","",615,"strong"
"182",143,"Snorlax",1,"Normal","Normal","","Immunity","Thick Fat","Gluttony",540,"strong"
"183",144,"Articuno",1,"Sub Legendary","Ice","Flying","Pressure","","Snow Cloak",580,"strong"
"184",145,"Zapdos",1,"Sub Legendary","Electric","Flying","Pressure","","Static",580,"strong"
"185",146,"Moltres",1,"Sub Legendary","Fire","Flying","Pressure","","Flame Body",580,"strong"
"186",147,"Dratini",1,"Normal","Dragon","","Shed Skin","","Marvel Scale",300,"weak"
"187",148,"Dragonair",1,"Normal","Dragon","","Shed Skin","","Marvel Scale",420,"weak"
"188",149,"Dragonite",1,"Normal","Dragon","Flying","Inner Focus","","Multiscale",600,"strong"
"189",150,"Mewtwo",1,"Legendary","Psychic","","Pressure","","Unnerve",680,"strong"
"190",150,"Mega Mewtwo X",1,"Legendary","Psychic","Fighting","Steadfast","","",780,"strong"
"191",150,"Mega Mewtwo Y",1,"Legendary","Psychic","","Insomnia","","",780,"strong"
"192",151,"Mew",1,"Mythical","Psychic","","Synchronize","","",600,"strong"
"193",152,"Chikorita",2,"Normal","Grass","","Overgrow","","Leaf Guard",318,"weak"
"194",153,"Bayleef",2,"Normal","Grass","","Overgrow","","Leaf Guard",405,"weak"
"195",154,"Meganium",2,"Normal","Grass","","Overgrow","","Leaf Guard",525,"strong"
"196",155,"Cyndaquil",2,"Normal","Fire","","Blaze","","Flash Fire",309,"weak"
"197",156,"Quilava",2,"Normal","Fire","","Blaze","","Flash Fire",405,"weak"
"198",157,"Typhlosion",2,"Normal","Fire","","Blaze","","Flash Fire",534,"strong"
"199",158,"Totodile",2,"Normal","Water","","Torrent","","Sheer Force",314,"weak"
"200",159,"Croconaw",2,"Normal","Water","","Torrent","","Sheer Force",405,"weak"
"201",160,"Feraligatr",2,"Normal","Water","","Torrent","","Sheer Force",530,"strong"
"202",161,"Sentret",2,"Normal","Normal","","Run Away","Keen Eye","Frisk",215,"weak"
"203",162,"Furret",2,"Normal","Normal","","Run Away","Keen Eye","Frisk",415,"weak"
"204",163,"Hoothoot",2,"Normal","Normal","Flying","Insomnia","Keen Eye","Tinted Lens",262,"weak"
"205",164,"Noctowl",2,"Normal","Normal","Flying","Insomnia","Keen Eye","Tinted Lens",452,"strong"
"206",165,"Ledyba",2,"Normal","Bug","Flying","Swarm","Early Bird","Rattled",265,"weak"
"207",166,"Ledian",2,"Normal","Bug","Flying","Swarm","Early Bird","Iron Fist",390,"weak"
"208",167,"Spinarak",2,"Normal","Bug","Poison","Swarm","Insomnia","Sniper",250,"weak"
"209",168,"Ariados",2,"Normal","Bug","Poison","Swarm","Insomnia","Sniper",400,"weak"
"210",169,"Crobat",2,"Normal","Poison","Flying","Inner Focus","","Infiltrator",535,"strong"
"211",170,"Chinchou",2,"Normal","Water","Electric","Volt Absorb","Illuminate","Water Absorb",330,"weak"
"212",171,"Lanturn",2,"Normal","Water","Electric","Volt Absorb","Illuminate","Water Absorb",460,"strong"
"213",172,"Pichu",2,"Normal","Electric","","Static","","Lightning Rod",205,"weak"
"214",173,"Cleffa",2,"Normal","Fairy","","Cute Charm","Magic Guard","Friend Guard",218,"weak"
"215",174,"Igglybuff",2,"Normal","Normal","Fairy","Cute Charm","Competitive","Friend Guard",210,"weak"
"216",175,"Togepi",2,"Normal","Fairy","","Hustle","Serene Grace","Super Luck",245,"weak"
"217",176,"Togetic",2,"Normal","Fairy","Flying","Hustle","Serene Grace","Super Luck",405,"weak"
"218",177,"Natu",2,"Normal","Psychic","Flying","Synchronize","Early Bird","Magic Bounce",320,"weak"
"219",178,"Xatu",2,"Normal","Psychic","Flying","Synchronize","Early Bird","Magic Bounce",470,"strong"
"220",179,"Mareep",2,"Normal","Electric","","Static","","Plus",280,"weak"
"221",180,"Flaaffy",2,"Normal","Electric","","Static","","Plus",365,"weak"
"222",181,"Ampharos",2,"Normal","Electric","","Static","","Plus",510,"strong"
"223",181,"Mega Ampharos",2,"Normal","Electric","Dragon","Mold Breaker","","",610,"strong"
"224",182,"Bellossom",2,"Normal","Grass","","Chlorophyll","","Healer",490,"strong"
"225",183,"Marill",2,"Normal","Water","Fairy","Thick Fat","Huge Power","Sap Sipper",250,"weak"
"226",184,"Azumarill",2,"Normal","Water","Fairy","Thick Fat","Huge Power","Sap Sipper",420,"strong"
"227",185,"Sudowoodo",2,"Normal","Rock","","Sturdy","Rock Head","Rattled",410,"weak"
"228",186,"Politoed",2,"Normal","Water","","Water Absorb","Damp","Drizzle",500,"strong"
"229",187,"Hoppip",2,"Normal","Grass","Flying","Chlorophyll","Leaf Guard","Infiltrator",250,"weak"
"230",188,"Skiploom",2,"Normal","Grass","Flying","Chlorophyll","Leaf Guard","Infiltrator",340,"weak"
"231",189,"Jumpluff",2,"Normal","Grass","Flying","Chlorophyll","Leaf Guard","Infiltrator",460,"strong"
"232",190,"Aipom",2,"Normal","Normal","","Run Away","Pickup","Skill Link",360,"weak"
"233",191,"Sunkern",2,"Normal","Grass","","Chlorophyll","Solar Power","Early Bird",180,"weak"
"234",192,"Sunflora",2,"Normal","Grass","","Chlorophyll","Solar Power","Early Bird",425,"strong"
"235",193,"Yanma",2,"Normal","Bug","Flying","Speed Boost","Compound Eyes","Frisk",390,"weak"
"236",194,"Wooper",2,"Normal","Water","Ground","Damp","Water Absorb","Unaware",210,"weak"
"237",195,"Quagsire",2,"Normal","Water","Ground","Damp","Water Absorb","Unaware",430,"strong"
"238",196,"Espeon",2,"Normal","Psychic","","Synchronize","","Magic Bounce",525,"strong"
"239",197,"Umbreon",2,"Normal","Dark","","Synchronize","","Inner Focus",525,"strong"
"240",198,"Murkrow",2,"Normal","Dark","Flying","Insomnia","Super Luck","Prankster",405,"weak"
"241",199,"Slowking",2,"Normal","Water","Psychic","Oblivious","Own Tempo","Regenerator",490,"strong"
"242",200,"Misdreavus",2,"Normal","Ghost","","Levitate","","",435,"strong"
"243",201,"Unown",2,"Normal","Psychic","","Levitate","","",336,"weak"
"244",202,"Wobbuffet",2,"Normal","Psychic","","Shadow Tag","","Telepathy",405,"strong"
"245",203,"Girafarig",2,"Normal","Normal","Psychic","Inner Focus","Early Bird","Sap Sipper",455,"strong"
"246",204,"Pineco",2,"Normal","Bug","","Sturdy","","Overcoat",290,"weak"
"247",205,"Forretress",2,"Normal","Bug","Steel","Sturdy","","Overcoat",465,"strong"
"248",206,"Dunsparce",2,"Normal","Normal","","Serene Grace","Run Away","Rattled",415,"weak"
"249",207,"Gligar",2,"Normal","Ground","Flying","Hyper Cutter","Sand Veil","Immunity",430,"weak"
"250",208,"Steelix",2,"Normal","Steel","Ground","Rock Head","Sturdy","Sheer Force",510,"strong"
"251",208,"Mega Steelix",2,"Normal","Steel","Ground","Sand Force","","",610,"strong"
"252",209,"Snubbull",2,"Normal","Fairy","","Intimidate","Run Away","Rattled",300,"weak"
"253",210,"Granbull",2,"Normal","Fairy","","Intimidate","Quick Feet","Rattled",450,"strong"
"254",211,"Qwilfish",2,"Normal","Water","Poison","Poison Point","Swift Swim","Intimidate",440,"strong"
"255",212,"Scizor",2,"Normal","Bug","Steel","Swarm","Technician","Light Metal",500,"strong"
"256",212,"Mega Scizor",2,"Normal","Bug","Steel","Technician","","",600,"strong"
"257",213,"Shuckle",2,"Normal","Bug","Rock","Sturdy","Gluttony","Contrary",505,"strong"
"258",214,"Heracross",2,"Normal","Bug","Fighting","Swarm","Guts","Moxie",500,"strong"
"259",214,"Mega Heracross",2,"Normal","Bug","Fighting","Skill Link","","",600,"strong"
"260",215,"Sneasel",2,"Normal","Dark","Ice","Inner Focus","Keen Eye","Pickpocket",430,"weak"
"261",216,"Teddiursa",2,"Normal","Normal","","Pickup","Quick Feet","Honey Gather",330,"weak"
"262",217,"Ursaring",2,"Normal","Normal","","Guts","Quick Feet","Unnerve",500,"strong"
"263",218,"Slugma",2,"Normal","Fire","","Magma Armor","Flame Body","Weak Armor",250,"weak"
"264",219,"Magcargo",2,"Normal","Fire","Rock","Magma Armor","Flame Body","Weak Armor",430,"strong"
"265",220,"Swinub",2,"Normal","Ice","Ground","Oblivious","Snow Cloak","Thick Fat",250,"weak"
"266",221,"Piloswine",2,"Normal","Ice","Ground","Oblivious","Snow Cloak","Thick Fat",450,"strong"
"267",222,"Corsola",2,"Normal","Water","Rock","Hustle","Natural Cure","Regenerator",410,"weak"
"268",222,"Galarian Corsola",2,"Normal","Ghost","","Weak Armor","","Cursed Body",410,"weak"
"269",223,"Remoraid",2,"Normal","Water","","Hustle","Sniper","Moody",300,"weak"
"270",224,"Octillery",2,"Normal","Water","","Suction Cups","Sniper","Moody",480,"strong"
"271",225,"Delibird",2,"Normal","Ice","Flying","Vital Spirit","Hustle","Insomnia",330,"weak"
"272",226,"Mantine",2,"Normal","Water","Flying","Swift Swim","Water Absorb","Water Veil",485,"strong"
"273",227,"Skarmory",2,"Normal","Steel","Flying","Keen Eye","Sturdy","Weak Armor",465,"strong"
"274",228,"Houndour",2,"Normal","Dark","Fire","Early Bird","Flash Fire","Unnerve",330,"weak"
"275",229,"Houndoom",2,"Normal","Dark","Fire","Early Bird","Flash Fire","Unnerve",500,"strong"
"276",229,"Mega Houndoom",2,"Normal","Dark","Fire","Solar Power","","",600,"strong"
"277",230,"Kingdra",2,"Normal","Water","Dragon","Swift Swim","Sniper","Damp",540,"strong"
"278",231,"Phanpy",2,"Normal","Ground","","Pickup","","Sand Veil",330,"weak"
"279",232,"Donphan",2,"Normal","Ground","","Sturdy","","Sand Veil",500,"strong"
"280",233,"Porygon2",2,"Normal","Normal","","Trace","Download","Analytic",515,"strong"
"281",234,"Stantler",2,"Normal","Normal","","Intimidate","Frisk","Sap Sipper",465,"strong"
"282",235,"Smeargle",2,"Normal","Normal","","Own Tempo","Technician","Moody",250,"weak"
"283",236,"Tyrogue",2,"Normal","Fighting","","Guts","Steadfast","Vital Spirit",210,"weak"
"284",237,"Hitmontop",2,"Normal","Fighting","","Intimidate","Technician","Steadfast",455,"strong"
"285",238,"Smoochum",2,"Normal","Ice","Psychic","Oblivious","Forewarn","Hydration",305,"weak"
"286",239,"Elekid",2,"Normal","Electric","","Static","","Vital Spirit",360,"weak"
"287",240,"Magby",2,"Normal","Fire","","Flame Body","","Vital Spirit",365,"weak"
"288",241,"Miltank",2,"Normal","Normal","","Thick Fat","Scrappy","Sap Sipper",490,"strong"
"289",242,"Blissey",2,"Normal","Normal","","Natural Cure","Serene Grace","Healer",540,"strong"
"290",243,"Raikou",2,"Sub Legendary","Electric","","Pressure","","Inner Focus",580,"strong"
"291",244,"Entei",2,"Sub Legendary","Fire","","Pressure","","Inner Focus",580,"strong"
"292",245,"Suicune",2,"Sub Legendary","Water","","Pressure","","Inner Focus",580,"strong"
"293",246,"Larvitar",2,"Normal","Rock","Ground","Guts","","Sand Veil",300,"weak"
"294",247,"Pupitar",2,"Normal","Rock","Ground","Shed Skin","","",410,"weak"
"295",248,"Tyranitar",2,"Normal","Rock","Dark","Sand Stream","","Unnerve",600,"strong"
"296",248,"Mega Tyranitar",2,"Normal","Rock","Dark","Sand Stream","","",700,"strong"
"297",249,"Lugia",2,"Legendary","Psychic","Flying","Pressure","","Multiscale",680,"strong"
"298",250,"Ho-oh",2,"Legendary","Fire","Flying","Pressure","","Regenerator",680,"strong"
"299",251,"Celebi",2,"Mythical","Psychic","Grass","Natural Cure","","",600,"strong"
"300",252,"Treecko",3,"Normal","Grass","","Overgrow","","Unburden",310,"weak"
"301",253,"Grovyle",3,"Normal","Grass","","Overgrow","","Unburden",405,"weak"
"302",254,"Sceptile",3,"Normal","Grass","","Overgrow","","Unburden",530,"strong"
"303",254,"Mega Sceptile",3,"Normal","Grass","Dragon","Lightning Rod","","",630,"strong"
"304",255,"Torchic",3,"Normal","Fire","","Blaze","","Speed Boost",310,"weak"
"305",256,"Combusken",3,"Normal","Fire","Fighting","Blaze","","Speed Boost",405,"weak"
"306",257,"Blaziken",3,"Normal","Fire","Fighting","Blaze","","Speed Boost",530,"strong"
"307",257,"Mega Blaziken",3,"Normal","Fire","Fighting","Speed Boost","","",630,"strong"
"308",258,"Mudkip",3,"Normal","Water","","Torrent","","Damp",310,"weak"
"309",259,"Marshtomp",3,"Normal","Water","Ground","Torrent","","Damp",405,"weak"
"310",260,"Swampert",3,"Normal","Water","Ground","Torrent","","Damp",535,"strong"
"311",260,"Mega Swampert",3,"Normal","Water","Ground","Swift Swim","","",635,"strong"
"312",261,"Poochyena",3,"Normal","Dark","","Run Away","Quick Feet","Rattled",220,"weak"
"313",262,"Mightyena",3,"Normal","Dark","","Intimidate","Quick Feet","Moxie",420,"weak"
"314",263,"Zigzagoon",3,"Normal","Normal","","Pickup","Gluttony","Quick Feet",240,"weak"
"315",263,"Galarian Zigzagoon",3,"Normal","Dark","Normal","Pickup","Gluttony","Quick Feet",240,"weak"
"316",264,"Linoone",3,"Normal","Normal","","Pickup","Gluttony","Quick Feet",420,"weak"
"317",264,"Galarian Linoone",3,"Normal","Dark","Normal","Pickup","Gluttony","Quick Feet",420,"weak"
"318",265,"Wurmple",3,"Normal","Bug","","Shield Dust","","Run Away",195,"weak"
"319",266,"Silcoon",3,"Normal","Bug","","Shed Skin","","",205,"weak"
"320",267,"Beautifly",3,"Normal","Bug","Flying","Swarm","","Rivalry",395,"weak"
"321",268,"Cascoon",3,"Normal","Bug","","Shed Skin","","",205,"weak"
"322",269,"Dustox",3,"Normal","Bug","Poison","Shield Dust","","Compound Eyes",385,"weak"
"323",270,"Lotad",3,"Normal","Water","Grass","Swift Swim","Rain Dish","Own Tempo",220,"weak"
"324",271,"Lombre",3,"Normal","Water","Grass","Swift Swim","Rain Dish","Own Tempo",340,"weak"
"325",272,"Ludicolo",3,"Normal","Water","Grass","Swift Swim","Rain Dish","Own Tempo",480,"strong"
"326",273,"Seedot",3,"Normal","Grass","","Chlorophyll","Early Bird","Pickpocket",220,"weak"
"327",274,"Nuzleaf",3,"Normal","Grass","Dark","Chlorophyll","Early Bird","Pickpocket",340,"weak"
"328",275,"Shiftry",3,"Normal","Grass","Dark","Chlorophyll","Early Bird","Pickpocket",480,"strong"
"329",276,"Taillow",3,"Normal","Normal","Flying","Guts","","Scrappy",270,"weak"
"330",277,"Swellow",3,"Normal","Normal","Flying","Guts","","Scrappy",455,"strong"
"331",278,"Wingull",3,"Normal","Water","Flying","Keen Eye","Hydration","Rain Dish",270,"weak"
"332",279,"Pelipper",3,"Normal","Water","Flying","Keen Eye","Drizzle","Rain Dish",440,"strong"
"333",280,"Ralts",3,"Normal","Psychic","Fairy","Synchronize","Trace","Telepathy",198,"weak"
"334",281,"Kirlia",3,"Normal","Psychic","Fairy","Synchronize","Trace","Telepathy",278,"weak"
"335",282,"Gardevoir",3,"Normal","Psychic","Fairy","Synchronize","Trace","Telepathy",518,"strong"
"336",282,"Mega Gardevoir",3,"Normal","Psychic","Fairy","Pixilate","","",618,"strong"
"337",283,"Surskit",3,"Normal","Bug","Water","Swift Swim","","Rain Dish",269,"weak"
"338",284,"Masquerain",3,"Normal","Bug","Flying","Intimidate","","Unnerve",454,"strong"
"339",285,"Shroomish",3,"Normal","Grass","","Effect Spore","Poison Heal","Quick Feet",295,"weak"
"340",286,"Breloom",3,"Normal","Grass","Fighting","Effect Spore","Poison Heal","Technician",460,"strong"
"341",287,"Slakoth",3,"Normal","Normal","","Truant","","",280,"weak"
"342",288,"Vigoroth",3,"Normal","Normal","","Vital Spirit","","",440,"strong"
"343",289,"Slaking",3,"Normal","Normal","","Truant","","",670,"strong"
"344",290,"Nincada",3,"Normal","Bug","Ground","Compound Eyes","","Run Away",266,"weak"
"345",291,"Ninjask",3,"Normal","Bug","Flying","Speed Boost","","Infiltrator",456,"strong"
"346",292,"Shedinja",3,"Normal","Bug","Ghost","Wonder Guard","","",236,"weak"
"347",293,"Whismur",3,"Normal","Normal","","Soundproof","","Rattled",240,"weak"
"348",294,"Loudred",3,"Normal","Normal","","Soundproof","","Scrappy",360,"weak"
"349",295,"Exploud",3,"Normal","Normal","","Soundproof","","Scrappy",490,"strong"
"350",296,"Makuhita",3,"Normal","Fighting","","Thick Fat","Guts","Sheer Force",237,"weak"
"351",297,"Hariyama",3,"Normal","Fighting","","Thick Fat","Guts","Sheer Force",474,"strong"
"352",298,"Azurill",3,"Normal","Normal","Fairy","Thick Fat","Huge Power","Sap Sipper",190,"weak"
"353",299,"Nosepass",3,"Normal","Rock","","Sturdy","Magnet Pull","Sand Force",375,"weak"
"354",300,"Skitty",3,"Normal","Normal","","Cute Charm","Normalize","Wonder Skin",260,"weak"
"355",301,"Delcatty",3,"Normal","Normal","","Cute Charm","Normalize","Wonder Skin",400,"weak"
"356",302,"Sableye",3,"Normal","Dark","Ghost","Keen Eye","Stall","Prankster",380,"weak"
"357",302,"Mega Sableye",3,"Normal","Dark","Ghost","Magic Bounce","","",480,"strong"
"358",303,"Mawile",3,"Normal","Steel","Fairy","Hyper Cutter","Intimidate","Sheer Force",380,"weak"
"359",303,"Mega Mawile",3,"Normal","Steel","Fairy","Huge Power","","",480,"strong"
"360",304,"Aron",3,"Normal","Steel","Rock","Sturdy","Rock Head","Heavy Metal",330,"weak"
"361",305,"Lairon",3,"Normal","Steel","Rock","Sturdy","Rock Head","Heavy Metal",430,"strong"
"362",306,"Aggron",3,"Normal","Steel","Rock","Sturdy","Rock Head","Heavy Metal",530,"strong"
"363",306,"Mega Aggron",3,"Normal","Steel","","Filter","","",630,"strong"
"364",307,"Meditite",3,"Normal","Fighting","Psychic","Pure Power","","Telepathy",280,"weak"
"365",308,"Medicham",3,"Normal","Fighting","Psychic","Pure Power","","Telepathy",410,"weak"
"366",308,"Mega Medicham",3,"Normal","Fighting","Psychic","Pure Power","","",510,"strong"
"367",309,"Electrike",3,"Normal","Electric","","Static","Lightning Rod","Minus",295,"weak"
"368",310,"Manectric",3,"Normal","Electric","","Static","Lightning Rod","Minus",475,"strong"
"369",310,"Mega Manectric",3,"Normal","Electric","","Intimidate","","",575,"strong"
"370",311,"Plusle",3,"Normal","Electric","","Plus","","Lightning Rod",405,"weak"
"371",312,"Minun",3,"Normal","Electric","","Minus","","Volt Absorb",405,"weak"
"372",313,"Volbeat",3,"Normal","Bug","","Illuminate","Swarm","Prankster",430,"strong"
"373",314,"Illumise",3,"Normal","Bug","","Oblivious","Tinted Lens","Prankster",430,"strong"
"374",315,"Roselia",3,"Normal","Grass","Poison","Natural Cure","Poison Point","Leaf Guard",400,"weak"
"375",316,"Gulpin",3,"Normal","Poison","","Liquid Ooze","Sticky Hold","Gluttony",302,"weak"
"376",317,"Swalot",3,"Normal","Poison","","Liquid Ooze","Sticky Hold","Gluttony",467,"strong"
"377",318,"Carvanha",3,"Normal","Water","Dark","Rough Skin","","Speed Boost",305,"weak"
"378",319,"Sharpedo",3,"Normal","Water","Dark","Rough Skin","","Speed Boost",460,"strong"
"379",319,"Mega Sharpedo",3,"Normal","Water","Dark","Strong Jaw","","",560,"strong"
"380",320,"Wailmer",3,"Normal","Water","","Water Veil","Oblivious","Pressure",400,"weak"
"381",321,"Wailord",3,"Normal","Water","","Water Veil","Oblivious","Pressure",500,"strong"
"382",322,"Numel",3,"Normal","Fire","Ground","Oblivious","Simple","Own Tempo",305,"weak"
"383",323,"Camerupt",3,"Normal","Fire","Ground","Magma Armor","Solid Rock","Anger Point",460,"strong"
"384",323,"Mega Camerupt",3,"Normal","Fire","Ground","Sheer Force","","",560,"strong"
"385",324,"Torkoal",3,"Normal","Fire","","White Smoke","Drought","Shell Armor",470,"strong"
"386",325,"Spoink",3,"Normal","Psychic","","Thick Fat","Own Tempo","Gluttony",330,"weak"
"387",326,"Grumpig",3,"Normal","Psychic","","Thick Fat","Own Tempo","Gluttony",470,"strong"
"388",327,"Spinda",3,"Normal","Normal","","Own Tempo","Tangled Feet","Contrary",360,"weak"
"389",328,"Trapinch",3,"Normal","Ground","","Hyper Cutter","Arena Trap","Sheer Force",290,"weak"
"390",329,"Vibrava",3,"Normal","Ground","Dragon","Levitate","","",340,"weak"
"391",330,"Flygon",3,"Normal","Ground","Dragon","Levitate","","",520,"strong"
"392",331,"Cacnea",3,"Normal","Grass","","Sand Veil","","Water Absorb",335,"weak"
"393",332,"Cacturne",3,"Normal","Grass","Dark","Sand Veil","","Water Absorb",475,"strong"
"394",333,"Swablu",3,"Normal","Normal","Flying","Natural Cure","","Cloud Nine",310,"weak"
"395",334,"Altaria",3,"Normal","Dragon","Flying","Natural Cure","","Cloud Nine",490,"strong"
"396",334,"Mega Altaria",3,"Normal","Dragon","Fairy","Pixilate","","",590,"strong"
"397",335,"Zangoose",3,"Normal","Normal","","Immunity","","Toxic Boost",458,"strong"
"398",336,"Seviper",3,"Normal","Poison","","Shed Skin","","Infiltrator",458,"strong"
"399",337,"Lunatone",3,"Normal","Rock","Psychic","Levitate","","",460,"strong"
"400",338,"Solrock",3,"Normal","Rock","Psychic","Levitate","","",460,"strong"
"401",339,"Barboach",3,"Normal","Water","Ground","Oblivious","Anticipation","Hydration",288,"weak"
"402",340,"Whiscash",3,"Normal","Water","Ground","Oblivious","Anticipation","Hydration",468,"strong"
"403",341,"Corphish",3,"Normal","Water","","Hyper Cutter","Shell Armor","Adaptability",308,"weak"
"404",342,"Crawdaunt",3,"Normal","Water","Dark","Hyper Cutter","Shell Armor","Adaptability",468,"strong"
"405",343,"Baltoy",3,"Normal","Ground","Psychic","Levitate","","",300,"weak"
"406",344,"Claydol",3,"Normal","Ground","Psychic","Levitate","","",500,"strong"
"407",345,"Lileep",3,"Normal","Rock","Grass","Suction Cups","","Storm Drain",355,"weak"
"408",346,"Cradily",3,"Normal","Rock","Grass","Suction Cups","","Storm Drain",495,"strong"
"409",347,"Anorith",3,"Normal","Rock","Bug","Battle Armor","","Swift Swim",355,"weak"
"410",348,"Armaldo",3,"Normal","Rock","Bug","Battle Armor","","Swift Swim",495,"strong"
"411",349,"Feebas",3,"Normal","Water","","Swift Swim","Oblivious","Adaptability",200,"weak"
"412",350,"Milotic",3,"Normal","Water","","Marvel Scale","Competitive","Cute Charm",540,"strong"
"413",351,"Castform",3,"Normal","Normal","","Forecast","","",420,"weak"
"414",351,"Castform Sunny Form",3,"Normal","Fire","","Forecast","","",420,"weak"
"415",351,"Castform Rainy Form",3,"Normal","Water","","Forecast","","",420,"weak"
"416",351,"Castform Snowy Form",3,"Normal","Ice","","Forecast","","",420,"weak"
"417",352,"Kecleon",3,"Normal","Normal","","Color Change","","Protean",440,"strong"
"418",353,"Shuppet",3,"Normal","Ghost","","Insomnia","Frisk","Cursed Body",295,"weak"
"419",354,"Banette",3,"Normal","Ghost","","Insomnia","Frisk","Cursed Body",455,"strong"
"420",354,"Mega Banette",3,"Normal","Ghost","","Prankster","","",555,"strong"
"421",355,"Duskull",3,"Normal","Ghost","","Levitate","","Frisk",295,"weak"
"422",356,"Dusclops",3,"Normal","Ghost","","Pressure","","Frisk",455,"strong"
"423",357,"Tropius",3,"Normal","Grass","Flying","Chlorophyll","Solar Power","Harvest",460,"strong"
"424",358,"Chimecho",3,"Normal","Psychic","","Levitate","","",455,"strong"
"425",359,"Absol",3,"Normal","Dark","","Pressure","Super Luck","Justified",465,"strong"
"426",359,"Mega Absol",3,"Normal","Dark","","Magic Bounce","","",565,"strong"
"427",360,"Wynaut",3,"Normal","Psychic","","Shadow Tag","","Telepathy",260,"weak"
"428",361,"Snorunt",3,"Normal","Ice","","Inner Focus","Ice Body","Moody",300,"weak"
"429",362,"Glalie",3,"Normal","Ice","","Inner Focus","Ice Body","Moody",480,"strong"
"430",362,"Mega Glalie",3,"Normal","Ice","","Refrigerate","","",580,"strong"
"431",363,"Spheal",3,"Normal","Ice","Water","Thick Fat","Ice Body","Oblivious",290,"weak"
"432",364,"Sealeo",3,"Normal","Ice","Water","Thick Fat","Ice Body","Oblivious",410,"weak"
"433",365,"Walrein",3,"Normal","Ice","Water","Thick Fat","Ice Body","Oblivious",530,"strong"
"434",366,"Clamperl",3,"Normal","Water","","Shell Armor","","Rattled",345,"weak"
"435",367,"Huntail",3,"Normal","Water","","Swift Swim","","Water Veil",485,"strong"
"436",368,"Gorebyss",3,"Normal","Water","","Swift Swim","","Hydration",485,"strong"
"437",369,"Relicanth",3,"Normal","Water","Rock","Swift Swim","Rock Head","Sturdy",485,"strong"
"438",370,"Luvdisc",3,"Normal","Water","","Swift Swim","","Hydration",330,"weak"
"439",371,"Bagon",3,"Normal","Dragon","","Rock Head","","Sheer Force",300,"weak"
"440",372,"Shelgon",3,"Normal","Dragon","","Rock Head","","Overcoat",420,"weak"
"441",373,"Salamence",3,"Normal","Dragon","Flying","Intimidate","","Moxie",600,"strong"
"442",373,"Mega Salamence",3,"Normal","Dragon","Flying","Aerilate","","",700,"strong"
"443",374,"Beldum",3,"Normal","Steel","Psychic","Clear Body","","Light Metal",300,"weak"
"444",375,"Metang",3,"Normal","Steel","Psychic","Clear Body","","Light Metal",420,"weak"
"445",376,"Metagross",3,"Normal","Steel","Psychic","Clear Body","","Light Metal",600,"strong"
"446",376,"Mega Metagross",3,"Normal","Steel","Psychic","Tough Claws","","",700,"strong"
"447",377,"Regirock",3,"Sub Legendary","Rock","","Clear Body","","Sturdy",580,"strong"
"448",378,"Regice",3,"Sub Legendary","Ice","","Clear Body","","Ice Body",580,"strong"
"449",379,"Registeel",3,"Sub Legendary","Steel","","Clear Body","","Light Metal",580,"strong"
"450",380,"Latias",3,"Sub Legendary","Dragon","Psychic","Levitate","","",600,"strong"
"451",380,"Mega Latias",3,"Sub Legendary","Dragon","Psychic","Levitate","","",700,"strong"
"452",381,"Latios",3,"Sub Legendary","Dragon","Psychic","Levitate","","",600,"strong"
"453",381,"Mega Latios",3,"Sub Legendary","Dragon","Psychic","Levitate","","",700,"strong"
"454",382,"Kyogre",3,"Legendary","Water","","Drizzle","","",670,"strong"
"455",382,"Primal Kyogre",3,"Legendary","Water","","Primordial Sea","","",770,"strong"
"456",383,"Groudon",3,"Legendary","Ground","","Drought","","",670,"strong"
"457",383,"Primal Groudon",3,"Legendary","Ground","Fire","Desolate Land","","",770,"strong"
"458",384,"Rayquaza",3,"Legendary","Dragon","Flying","Air Lock","","",680,"strong"
"459",384,"Mega Rayquaza",3,"Legendary","Dragon","Flying","Delta Stream","","",780,"strong"
"460",385,"Jirachi",3,"Mythical","Steel","Psychic","Serene Grace","","",600,"strong"
"461",386,"Deoxys Normal Forme",3,"Mythical","Psychic","","Pressure","","",600,"strong"
"462",386,"Deoxys Attack Forme",3,"Mythical","Psychic","","Pressure","","",600,"strong"
"463",386,"Deoxys Defense Forme",3,"Mythical","Psychic","","Pressure","","",600,"strong"
"464",386,"Deoxys Speed Forme",3,"Mythical","Psychic","","Pressure","","",600,"strong"
"465",387,"Turtwig",4,"Normal","Grass","","Overgrow","","Shell Armor",318,"weak"
"466",388,"Grotle",4,"Normal","Grass","","Overgrow","","Shell Armor",405,"weak"
"467",389,"Torterra",4,"Normal","Grass","Ground","Overgrow","","Shell Armor",525,"strong"
"468",390,"Chimchar",4,"Normal","Fire","","Blaze","","Iron Fist",309,"weak"
"469",391,"Monferno",4,"Normal","Fire","Fighting","Blaze","","Iron Fist",405,"weak"
"470",392,"Infernape",4,"Normal","Fire","Fighting","Blaze","","Iron Fist",534,"strong"
"471",393,"Piplup",4,"Normal","Water","","Torrent","","Defiant",314,"weak"
"472",394,"Prinplup",4,"Normal","Water","","Torrent","","Defiant",405,"weak"
"473",395,"Empoleon",4,"Normal","Water","Steel","Torrent","","Defiant",530,"strong"
"474",396,"Starly",4,"Normal","Normal","Flying","Keen Eye","","Reckless",245,"weak"
"475",397,"Staravia",4,"Normal","Normal","Flying","Intimidate","","Reckless",340,"weak"
"476",398,"Staraptor",4,"Normal","Normal","Flying","Intimidate","","Reckless",485,"strong"
"477",399,"Bidoof",4,"Normal","Normal","","Simple","Unaware","Moody",250,"weak"
"478",400,"Bibarel",4,"Normal","Normal","Water","Simple","Unaware","Moody",410,"weak"
"479",401,"Kricketot",4,"Normal","Bug","","Shed Skin","","Run Away",194,"weak"
"480",402,"Kricketune",4,"Normal","Bug","","Swarm","","Technician",384,"weak"
"481",403,"Shinx",4,"Normal","Electric","","Rivalry","Intimidate","Guts",263,"weak"
"482",404,"Luxio",4,"Normal","Electric","","Rivalry","Intimidate","Guts",363,"weak"
"483",405,"Luxray",4,"Normal","Electric","","Rivalry","Intimidate","Guts",523,"strong"
"484",406,"Budew",4,"Normal","Grass","Poison","Natural Cure","Poison Point","Leaf Guard",280,"weak"
"485",407,"Roserade",4,"Normal","Grass","Poison","Natural Cure","Poison Point","Technician",515,"strong"
"486",408,"Cranidos",4,"Normal","Rock","","Mold Breaker","","Sheer Force",350,"weak"
"487",409,"Rampardos",4,"Normal","Rock","","Mold Breaker","","Sheer Force",495,"strong"
"488",410,"Shieldon",4,"Normal","Rock","Steel","Sturdy","","Soundproof",350,"weak"
"489",411,"Bastiodon",4,"Normal","Rock","Steel","Sturdy","","Soundproof",495,"strong"
"490",412,"Burmy",4,"Normal","Bug","","Shed Skin","","Overcoat",224,"weak"
"491",413,"Wormadam Plant Cloak",4,"Normal","Bug","Grass","Anticipation","","Overcoat",424,"strong"
"492",413,"Wormadam Sandy Cloak",4,"Normal","Bug","Ground","Anticipation","","Overcoat",424,"strong"
"493",413,"Wormadam Trash Cloak",4,"Normal","Bug","Steel","Anticipation","","Overcoat",424,"strong"
"494",414,"Mothim",4,"Normal","Bug","Flying","Swarm","","Tinted Lens",424,"weak"
"495",415,"Combee",4,"Normal","Bug","Flying","Honey Gather","","Hustle",244,"weak"
"496",416,"Vespiquen",4,"Normal","Bug","Flying","Pressure","","Unnerve",474,"strong"
"497",417,"Pachirisu",4,"Normal","Electric","","Run Away","Pickup","Volt Absorb",405,"weak"
"498",418,"Buizel",4,"Normal","Water","","Swift Swim","","Water Veil",330,"weak"
"499",419,"Floatzel",4,"Normal","Water","","Swift Swim","","Water Veil",495,"strong"
"500",420,"Cherubi",4,"Normal","Grass","","Chlorophyll","","",275,"weak"
"501",421,"Cherrim",4,"Normal","Grass","","Flower Gift","","",450,"strong"
"502",422,"Shellos",4,"Normal","Water","","Sticky Hold","Storm Drain","Sand Force",325,"weak"
"503",423,"Gastrodon",4,"Normal","Water","Ground","Sticky Hold","Storm Drain","Sand Force",475,"strong"
"504",424,"Ambipom",4,"Normal","Normal","","Technician","Pickup","Skill Link",482,"strong"
"505",425,"Drifloon",4,"Normal","Ghost","Flying","Aftermath","Unburden","Flare Boost",348,"weak"
"506",426,"Drifblim",4,"Normal","Ghost","Flying","Aftermath","Unburden","Flare Boost",498,"strong"
"507",427,"Buneary",4,"Normal","Normal","","Run Away","Klutz","Limber",350,"weak"
"508",428,"Lopunny",4,"Normal","Normal","","Cute Charm","Klutz","Limber",480,"strong"
"509",428,"Mega Lopunny",4,"Normal","Normal","Fighting","Scrappy","","",580,"strong"
"510",429,"Mismagius",4,"Normal","Ghost","","Levitate","","",495,"strong"
"511",430,"Honchkrow",4,"Normal","Dark","Flying","Insomnia","Super Luck","Moxie",505,"strong"
"512",431,"Glameow",4,"Normal","Normal","","Limber","Own Tempo","Keen Eye",310,"weak"
"513",432,"Purugly",4,"Normal","Normal","","Thick Fat","Own Tempo","Defiant",452,"strong"
"514",433,"Chingling",4,"Normal","Psychic","","Levitate","","",285,"weak"
"515",434,"Stunky",4,"Normal","Poison","Dark","Stench","Aftermath","Keen Eye",329,"weak"
"516",435,"Skuntank",4,"Normal","Poison","Dark","Stench","Aftermath","Keen Eye",479,"strong"
"517",436,"Bronzor",4,"Normal","Steel","Psychic","Levitate","Heatproof","Heavy Metal",300,"weak"
"518",437,"Bronzong",4,"Normal","Steel","Psychic","Levitate","Heatproof","Heavy Metal",500,"strong"
"519",438,"Bonsly",4,"Normal","Rock","","Sturdy","Rock Head","Rattled",290,"weak"
"520",439,"Mime Jr.",4,"Normal","Psychic","Fairy","Soundproof","Filter","Technician",310,"weak"
"521",440,"Happiny",4,"Normal","Normal","","Natural Cure","Serene Grace","Friend Guard",220,"weak"
"522",441,"Chatot",4,"Normal","Normal","Flying","Keen Eye","Tangled Feet","Big Pecks",411,"weak"
"523",442,"Spiritomb",4,"Normal","Ghost","Dark","Pressure","","Infiltrator",485,"strong"
"524",443,"Gible",4,"Normal","Dragon","Ground","Sand Veil","","Rough Skin",300,"weak"
"525",444,"Gabite",4,"Normal","Dragon","Ground","Sand Veil","","Rough Skin",410,"weak"
"526",445,"Garchomp",4,"Normal","Dragon","Ground","Sand Veil","","Rough Skin",600,"strong"
"527",445,"Mega Garchomp",4,"Normal","Dragon","Ground","Sand Force","","",700,"strong"
"528",446,"Munchlax",4,"Normal","Normal","","Pickup","Thick Fat","Gluttony",390,"weak"
"529",447,"Riolu",4,"Normal","Fighting","","Steadfast","Inner Focus","Prankster",285,"weak"
"530",448,"Lucario",4,"Normal","Fighting","Steel","Steadfast","Inner Focus","Justified",525,"strong"
"531",448,"Mega Lucario",4,"Normal","Fighting","Steel","Adaptability","","",625,"strong"
"532",449,"Hippopotas",4,"Normal","Ground","","Sand Stream","","Sand Force",330,"weak"
"533",450,"Hippowdon",4,"Normal","Ground","","Sand Stream","","Sand Force",525,"strong"
"534",451,"Skorupi",4,"Normal","Poison","Bug","Battle Armor","Sniper","Keen Eye",330,"weak"
"535",452,"Drapion",4,"Normal","Poison","Dark","Battle Armor","Sniper","Keen Eye",500,"strong"
"536",453,"Croagunk",4,"Normal","Poison","Fighting","Anticipation","Dry Skin","Poison Touch",300,"weak"
"537",454,"Toxicroak",4,"Normal","Poison","Fighting","Anticipation","Dry Skin","Poison Touch",490,"strong"
"538",455,"Carnivine",4,"Normal","Grass","","Levitate","","",454,"strong"
"539",456,"Finneon",4,"Normal","Water","","Swift Swim","Storm Drain","Water Veil",330,"weak"
"540",457,"Lumineon",4,"Normal","Water","","Swift Swim","Storm Drain","Water Veil",460,"strong"
"541",458,"Mantyke",4,"Normal","Water","Flying","Swift Swim","Water Absorb","Water Veil",345,"weak"
"542",459,"Snover",4,"Normal","Grass","Ice","Snow Warning","","Soundproof",334,"weak"
"543",460,"Abomasnow",4,"Normal","Grass","Ice","Snow Warning","","Soundproof",494,"strong"
"544",460,"Mega Abomasnow",4,"Normal","Grass","Ice","Snow Warning","","",594,"strong"
"545",461,"Weavile",4,"Normal","Dark","Ice","Pressure","","Pickpocket",510,"strong"
"546",462,"Magnezone",4,"Normal","Electric","Steel","Magnet Pull","Sturdy","Analytic",535,"strong"
"547",463,"Lickilicky",4,"Normal","Normal","","Own Tempo","Oblivious","Cloud Nine",515,"strong"
"548",464,"Rhyperior",4,"Normal","Ground","Rock","Lightning Rod","Solid Rock","Reckless",535,"strong"
"549",465,"Tangrowth",4,"Normal","Grass","","Chlorophyll","Leaf Guard","Regenerator",535,"strong"
"550",466,"Electivire",4,"Normal","Electric","","Motor Drive","","Vital Spirit",540,"strong"
"551",467,"Magmortar",4,"Normal","Fire","","Flame Body","","Vital Spirit",540,"strong"
"552",468,"Togekiss",4,"Normal","Fairy","Flying","Hustle","Serene Grace","Super Luck",545,"strong"
"553",469,"Yanmega",4,"Normal","Bug","Flying","Speed Boost","Tinted Lens","Frisk",515,"strong"
"554",470,"Leafeon",4,"Normal","Grass","","Leaf Guard","","Chlorophyll",525,"strong"
"555",471,"Glaceon",4,"Normal","Ice","","Snow Cloak","","Ice Body",525,"strong"
"556",472,"Gliscor",4,"Normal","Ground","Flying","Hyper Cutter","Sand Veil","Poison Heal",510,"strong"
"557",473,"Mamoswine",4,"Normal","Ice","Ground","Oblivious","Snow Cloak","Thick Fat",530,"strong"
"558",474,"Porygon-Z",4,"Normal","Normal","","Adaptability","Download","Analytic",535,"strong"
"559",475,"Gallade",4,"Normal","Psychic","Fighting","Steadfast","","Justified",518,"strong"
"560",475,"Mega Gallade",4,"Normal","Psychic","Fighting","Inner Focus","","",618,"strong"
"561",476,"Probopass",4,"Normal","Rock","Steel","Sturdy","Magnet Pull","Sand Force",525,"strong"
"562",477,"Dusknoir",4,"Normal","Ghost","","Pressure","","Frisk",525,"strong"
"563",478,"Froslass",4,"Normal","Ice","Ghost","Snow Cloak","","Cursed Body",480,"strong"
"564",479,"Rotom",4,"Normal","Electric","Ghost","Levitate","","",440,"strong"
"565",479,"Heat Rotom",4,"Normal","Electric","Fire","Levitate","","",520,"strong"
"566",479,"Wash Rotom",4,"Normal","Electric","Water","Levitate","","",520,"strong"
"567",479,"Frost Rotom",4,"Normal","Electric","Ice","Levitate","","",520,"strong"
"568",479,"Fan Rotom",4,"Normal","Electric","Flying","Levitate","","",520,"strong"
"569",479,"Mow Rotom",4,"Normal","Electric","Grass","Levitate","","",520,"strong"
"570",480,"Uxie",4,"Sub Legendary","Psychic","","Levitate","","",580,"strong"
"571",481,"Mesprit",4,"Sub Legendary","Psychic","","Levitate","","",580,"strong"
"572",482,"Azelf",4,"Sub Legendary","Psychic","","Levitate","","",580,"strong"
"573",483,"Dialga",4,"Legendary","Steel","Dragon","Pressure","","Telepathy",680,"strong"
"574",484,"Palkia",4,"Legendary","Water","Dragon","Pressure","","Telepathy",680,"strong"
"575",485,"Heatran",4,"Sub Legendary","Fire","Steel","Flash Fire","","Flame Body",600,"strong"
"576",486,"Regigigas",4,"Sub Legendary","Normal","","Slow Start","","",670,"strong"
"577",487,"Giratina Altered Forme",4,"Legendary","Ghost","Dragon","Pressure","","Telepathy",680,"strong"
"578",487,"Giratina Origin Forme",4,"Legendary","Ghost","Dragon","Levitate","","",680,"strong"
"579",488,"Cresselia",4,"Sub Legendary","Psychic","","Levitate","","",600,"strong"
"580",489,"Phione",4,"Mythical","Water","","Hydration","","",480,"strong"
"581",490,"Manaphy",4,"Mythical","Water","","Hydration","","",600,"strong"
"582",491,"Darkrai",4,"Mythical","Dark","","Bad Dreams","","",600,"strong"
"583",492,"Shaymin Land Forme",4,"Mythical","Grass","","Natural Cure","","",600,"strong"
"584",492,"Shaymin Sky Forme",4,"Mythical","Grass","Flying","Serene Grace","","",600,"strong"
"585",493,"Arceus",4,"Mythical","Normal","","Multitype","","",720,"strong"
"586",494,"Victini",5,"Mythical","Psychic","Fire","Victory Star","","",600,"strong"
"587",495,"Snivy",5,"Normal","Grass","","Overgrow","","Contrary",308,"weak"
"588",496,"Servine",5,"Normal","Grass","","Overgrow","","Contrary",413,"weak"
"589",497,"Serperior",5,"Normal","Grass","","Overgrow","","Contrary",528,"strong"
"590",498,"Tepig",5,"Normal","Fire","","Blaze","","Thick Fat",308,"weak"
"591",499,"Pignite",5,"Normal","Fire","Fighting","Blaze","","Thick Fat",418,"weak"
"592",500,"Emboar",5,"Normal","Fire","Fighting","Blaze","","Reckless",528,"strong"
"593",501,"Oshawott",5,"Normal","Water","","Torrent","","Shell Armor",308,"weak"
"594",502,"Dewott",5,"Normal","Water","","Torrent","","Shell Armor",413,"weak"
"595",503,"Samurott",5,"Normal","Water","","Torrent","","Shell Armor",528,"strong"
"596",504,"Patrat",5,"Normal","Normal","","Run Away","Keen Eye","Analytic",255,"weak"
"597",505,"Watchog",5,"Normal","Normal","","Illuminate","Keen Eye","Analytic",420,"weak"
"598",506,"Lillipup",5,"Normal","Normal","","Vital Spirit","Pickup","Run Away",275,"weak"
"599",507,"Herdier",5,"Normal","Normal","","Intimidate","Sand Rush","Scrappy",370,"weak"
"600",508,"Stoutland",5,"Normal","Normal","","Intimidate","Sand Rush","Scrappy",500,"strong"
"601",509,"Purrloin",5,"Normal","Dark","","Limber","Unburden","Prankster",281,"weak"
"602",510,"Liepard",5,"Normal","Dark","","Limber","Unburden","Prankster",446,"strong"
"603",511,"Pansage",5,"Normal","Grass","","Gluttony","","Overgrow",316,"weak"
"604",512,"Simisage",5,"Normal","Grass","","Gluttony","","Overgrow",498,"strong"
"605",513,"Pansear",5,"Normal","Fire","","Gluttony","","Blaze",316,"weak"
"606",514,"Simisear",5,"Normal","Fire","","Gluttony","","Blaze",498,"strong"
"607",515,"Panpour",5,"Normal","Water","","Gluttony","","Torrent",316,"weak"
"608",516,"Simipour",5,"Normal","Water","","Gluttony","","Torrent",498,"strong"
"609",517,"Munna",5,"Normal","Psychic","","Forewarn","Synchronize","Telepathy",292,"weak"
"610",518,"Musharna",5,"Normal","Psychic","","Forewarn","Synchronize","Telepathy",487,"strong"
"611",519,"Pidove",5,"Normal","Normal","Flying","Big Pecks","Super Luck","Rivalry",264,"weak"
"612",520,"Tranquill",5,"Normal","Normal","Flying","Big Pecks","Super Luck","Rivalry",358,"weak"
"613",521,"Unfezant",5,"Normal","Normal","Flying","Big Pecks","Super Luck","Rivalry",488,"strong"
"614",522,"Blitzle",5,"Normal","Electric","","Lightning Rod","Motor Drive","Sap Sipper",295,"weak"
"615",523,"Zebstrika",5,"Normal","Electric","","Lightning Rod","Motor Drive","Sap Sipper",497,"strong"
"616",524,"Roggenrola",5,"Normal","Rock","","Sturdy","Weak Armor","Sand Force",280,"weak"
"617",525,"Boldore",5,"Normal","Rock","","Sturdy","Weak Armor","Sand Force",390,"weak"
"618",526,"Gigalith",5,"Normal","Rock","","Sturdy","Sand Stream","Sand Force",515,"strong"
"619",527,"Woobat",5,"Normal","Psychic","Flying","Unaware","Klutz","Simple",323,"weak"
"620",528,"Swoobat",5,"Normal","Psychic","Flying","Unaware","Klutz","Simple",425,"weak"
"621",529,"Drilbur",5,"Normal","Ground","","Sand Rush","Sand Force","Mold Breaker",328,"weak"
"622",530,"Excadrill",5,"Normal","Ground","Steel","Sand Rush","Sand Force","Mold Breaker",508,"strong"
"623",531,"Audino",5,"Normal","Normal","","Healer","Regenerator","Klutz",445,"strong"
"624",531,"Mega Audino",5,"Normal","Normal","Fairy","Healer","","",545,"strong"
"625",532,"Timburr",5,"Normal","Fighting","","Guts","Sheer Force","Iron Fist",305,"weak"
"626",533,"Gurdurr",5,"Normal","Fighting","","Guts","Sheer Force","Iron Fist",405,"weak"
"627",534,"Conkeldurr",5,"Normal","Fighting","","Guts","Sheer Force","Iron Fist",505,"strong"
"628",535,"Tympole",5,"Normal","Water","","Swift Swim","Hydration","Water Absorb",294,"weak"
"629",536,"Palpitoad",5,"Normal","Water","Ground","Swift Swim","Hydration","Water Absorb",384,"weak"
"630",537,"Seismitoad",5,"Normal","Water","Ground","Swift Swim","Poison Touch","Water Absorb",509,"strong"
"631",538,"Throh",5,"Normal","Fighting","","Guts","Inner Focus","Mold Breaker",465,"strong"
"632",539,"Sawk",5,"Normal","Fighting","","Sturdy","Inner Focus","Mold Breaker",465,"strong"
"633",540,"Sewaddle",5,"Normal","Bug","Grass","Swarm","Chlorophyll","Overcoat",310,"weak"
"634",541,"Swadloon",5,"Normal","Bug","Grass","Leaf Guard","Chlorophyll","Overcoat",380,"weak"
"635",542,"Leavanny",5,"Normal","Bug","Grass","Swarm","Chlorophyll","Overcoat",500,"strong"
"636",543,"Venipede",5,"Normal","Bug","Poison","Poison Point","Swarm","Speed Boost",260,"weak"
"637",544,"Whirlipede",5,"Normal","Bug","Poison","Poison Point","Swarm","Speed Boost",360,"weak"
"638",545,"Scolipede",5,"Normal","Bug","Poison","Poison Point","Swarm","Speed Boost",485,"strong"
"639",546,"Cottonee",5,"Normal","Grass","Fairy","Prankster","Infiltrator","Chlorophyll",280,"weak"
"640",547,"Whimsicott",5,"Normal","Grass","Fairy","Prankster","Infiltrator","Chlorophyll",480,"strong"
"641",548,"Petilil",5,"Normal","Grass","","Chlorophyll","Own Tempo","Leaf Guard",280,"weak"
"642",549,"Lilligant",5,"Normal","Grass","","Chlorophyll","Own Tempo","Leaf Guard",480,"strong"
"643",550,"Basculin Red-Striped Form",5,"Normal","Water","","Reckless","Adaptability","Mold Breaker",460,"strong"
"644",550,"Basculin Blue-Striped Form",5,"Normal","Water","","Rock Head","Adaptability","Mold Breaker",460,"strong"
"645",551,"Sandile",5,"Normal","Ground","Dark","Intimidate","Moxie","Anger Point",292,"weak"
"646",552,"Krokorok",5,"Normal","Ground","Dark","Intimidate","Moxie","Anger Point",351,"weak"
"647",553,"Krookodile",5,"Normal","Ground","Dark","Intimidate","Moxie","Anger Point",519,"strong"
"648",554,"Darumaka",5,"Normal","Fire","","Hustle","","Inner Focus",315,"weak"
"649",554,"Galarian Darumaka",5,"Normal","Ice","","Hustle","","Inner Focus",315,"weak"
"650",555,"Darmanitan Standard Mode",5,"Normal","Fire","","Sheer Force","","Zen Mode",480,"strong"
"651",555,"Darmanitan Zen Mode",5,"Normal","Fire","Psychic","Sheer Force","","Zen Mode",540,"strong"
"652",555,"Darmanitan Galarian Standard Mode",5,"Normal","Ice","","Gorilla Tactics","","Zen Mode",480,"strong"
"653",555,"Darmanitan Galarian Zen Mode",5,"Normal","Ice","Fire","Gorilla Tactics","","Zen Mode",540,"strong"
"654",556,"Maractus",5,"Normal","Grass","","Water Absorb","Chlorophyll","Storm Drain",461,"strong"
"655",557,"Dwebble",5,"Normal","Bug","Rock","Sturdy","Shell Armor","Weak Armor",325,"weak"
"656",558,"Crustle",5,"Normal","Bug","Rock","Sturdy","Shell Armor","Weak Armor",485,"strong"
"657",559,"Scraggy",5,"Normal","Dark","Fighting","Shed Skin","Moxie","Intimidate",348,"weak"
"658",560,"Scrafty",5,"Normal","Dark","Fighting","Shed Skin","Moxie","Intimidate",488,"strong"
"659",561,"Sigilyph",5,"Normal","Psychic","Flying","Wonder Skin","Magic Guard","Tinted Lens",490,"strong"
"660",562,"Yamask",5,"Normal","Ghost","","Mummy","","",303,"weak"
"661",562,"Galarian Yamask",5,"Normal","Ground","Ghost","Wandering Spirit","","",303,"weak"
"662",563,"Cofagrigus",5,"Normal","Ghost","","Mummy","","",483,"strong"
"663",564,"Tirtouga",5,"Normal","Water","Rock","Solid Rock","Sturdy","Swift Swim",355,"weak"
"664",565,"Carracosta",5,"Normal","Water","Rock","Solid Rock","Sturdy","Swift Swim",495,"strong"
"665",566,"Archen",5,"Normal","Rock","Flying","Defeatist","","",401,"weak"
"666",567,"Archeops",5,"Normal","Rock","Flying","Defeatist","","",567,"strong"
"667",568,"Trubbish",5,"Normal","Poison","","Stench","Sticky Hold","Aftermath",329,"weak"
"668",569,"Garbodor",5,"Normal","Poison","","Stench","Weak Armor","Aftermath",474,"strong"
"669",570,"Zorua",5,"Normal","Dark","","Illusion","","",330,"weak"
"670",571,"Zoroark",5,"Normal","Dark","","Illusion","","",510,"strong"
"671",572,"Minccino",5,"Normal","Normal","","Cute Charm","Technician","Skill Link",300,"weak"
"672",573,"Cinccino",5,"Normal","Normal","","Cute Charm","Technician","Skill Link",470,"strong"
"673",574,"Gothita",5,"Normal","Psychic","","Frisk","Competitive","Shadow Tag",290,"weak"
"674",575,"Gothorita",5,"Normal","Psychic","","Frisk","Competitive","Shadow Tag",390,"weak"
"675",576,"Gothitelle",5,"Normal","Psychic","","Frisk","Competitive","Shadow Tag",490,"strong"
"676",577,"Solosis",5,"Normal","Psychic","","Overcoat","Magic Guard","Regenerator",290,"weak"
"677",578,"Duosion",5,"Normal","Psychic","","Overcoat","Magic Guard","Regenerator",370,"weak"
"678",579,"Reuniclus",5,"Normal","Psychic","","Overcoat","Magic Guard","Regenerator",490,"strong"
"679",580,"Ducklett",5,"Normal","Water","Flying","Keen Eye","Big Pecks","Hydration",305,"weak"
"680",581,"Swanna",5,"Normal","Water","Flying","Keen Eye","Big Pecks","Hydration",473,"strong"
"681",582,"Vanillite",5,"Normal","Ice","","Ice Body","Snow Cloak","Weak Armor",305,"weak"
"682",583,"Vanillish",5,"Normal","Ice","","Ice Body","Snow Cloak","Weak Armor",395,"weak"
"683",584,"Vanilluxe",5,"Normal","Ice","","Ice Body","Snow Warning","Weak Armor",535,"strong"
"684",585,"Deerling",5,"Normal","Normal","Grass","Chlorophyll","Sap Sipper","Serene Grace",335,"weak"
"685",586,"Sawsbuck",5,"Normal","Normal","Grass","Chlorophyll","Sap Sipper","Serene Grace",475,"strong"
"686",587,"Emolga",5,"Normal","Electric","Flying","Static","","Motor Drive",428,"weak"
"687",588,"Karrablast",5,"Normal","Bug","","Swarm","Shed Skin","No Guard",315,"weak"
"688",589,"Escavalier",5,"Normal","Bug","Steel","Swarm","Shell Armor","Overcoat",495,"strong"
"689",590,"Foongus",5,"Normal","Grass","Poison","Effect Spore","","Regenerator",294,"weak"
"690",591,"Amoonguss",5,"Normal","Grass","Poison","Effect Spore","","Regenerator",464,"strong"
"691",592,"Frillish",5,"Normal","Water","Ghost","Water Absorb","Cursed Body","Damp",335,"weak"
"692",593,"Jellicent",5,"Normal","Water","Ghost","Water Absorb","Cursed Body","Damp",480,"strong"
"693",594,"Alomomola",5,"Normal","Water","","Healer","Hydration","Regenerator",470,"strong"
"694",595,"Joltik",5,"Normal","Bug","Electric","Compound Eyes","Unnerve","Swarm",319,"weak"
"695",596,"Galvantula",5,"Normal","Bug","Electric","Compound Eyes","Unnerve","Swarm",472,"strong"
"696",597,"Ferroseed",5,"Normal","Grass","Steel","Iron Barbs","","Anticipation",305,"weak"
"697",598,"Ferrothorn",5,"Normal","Grass","Steel","Iron Barbs","","Anticipation",489,"strong"
"698",599,"Klink",5,"Normal","Steel","","Plus","Minus","Clear Body",300,"weak"
"699",600,"Klang",5,"Normal","Steel","","Plus","Minus","Clear Body",440,"strong"
"700",601,"Klinklang",5,"Normal","Steel","","Plus","Minus","Clear Body",520,"strong"
"701",602,"Tynamo",5,"Normal","Electric","","Levitate","","",275,"weak"
"702",603,"Eelektrik",5,"Normal","Electric","","Levitate","","",405,"weak"
"703",604,"Eelektross",5,"Normal","Electric","","Levitate","","",515,"strong"
"704",605,"Elgyem",5,"Normal","Psychic","","Telepathy","Synchronize","Analytic",335,"weak"
"705",606,"Beheeyem",5,"Normal","Psychic","","Telepathy","Synchronize","Analytic",485,"strong"
"706",607,"Litwick",5,"Normal","Ghost","Fire","Flash Fire","Flame Body","Infiltrator",275,"weak"
"707",608,"Lampent",5,"Normal","Ghost","Fire","Flash Fire","Flame Body","Infiltrator",370,"weak"
"708",609,"Chandelure",5,"Normal","Ghost","Fire","Flash Fire","Flame Body","Infiltrator",520,"strong"
"709",610,"Axew",5,"Normal","Dragon","","Rivalry","Mold Breaker","Unnerve",320,"weak"
"710",611,"Fraxure",5,"Normal","Dragon","","Rivalry","Mold Breaker","Unnerve",410,"weak"
"711",612,"Haxorus",5,"Normal","Dragon","","Rivalry","Mold Breaker","Unnerve",540,"strong"
"712",613,"Cubchoo",5,"Normal","Ice","","Snow Cloak","Slush Rush","Rattled",305,"weak"
"713",614,"Beartic",5,"Normal","Ice","","Snow Cloak","Slush Rush","Swift Swim",505,"strong"
"714",615,"Cryogonal",5,"Normal","Ice","","Levitate","","",515,"strong"
"715",616,"Shelmet",5,"Normal","Bug","","Hydration","Shell Armor","Overcoat",305,"weak"
"716",617,"Accelgor",5,"Normal","Bug","","Hydration","Sticky Hold","Unburden",495,"strong"
"717",618,"Stunfisk",5,"Normal","Ground","Electric","Static","Limber","Sand Veil",471,"strong"
"718",618,"Galarian Stunfisk",5,"Normal","Ground","Steel","Mimicry","","",471,"strong"
"719",619,"Mienfoo",5,"Normal","Fighting","","Inner Focus","Regenerator","Reckless",350,"weak"
"720",620,"Mienshao",5,"Normal","Fighting","","Inner Focus","Regenerator","Reckless",510,"strong"
"721",621,"Druddigon",5,"Normal","Dragon","","Rough Skin","Sheer Force","Mold Breaker",485,"strong"
"722",622,"Golett",5,"Normal","Ground","Ghost","Iron Fist","Klutz","No Guard",303,"weak"
"723",623,"Golurk",5,"Normal","Ground","Ghost","Iron Fist","Klutz","No Guard",483,"strong"
"724",624,"Pawniard",5,"Normal","Dark","Steel","Defiant","Inner Focus","Pressure",340,"weak"
"725",625,"Bisharp",5,"Normal","Dark","Steel","Defiant","Inner Focus","Pressure",490,"strong"
"726",626,"Bouffalant",5,"Normal","Normal","","Reckless","Sap Sipper","Soundproof",490,"strong"
"727",627,"Rufflet",5,"Normal","Normal","Flying","Keen Eye","Sheer Force","Hustle",350,"weak"
"728",628,"Braviary",5,"Normal","Normal","Flying","Keen Eye","Sheer Force","Defiant",510,"strong"
"729",629,"Vullaby",5,"Normal","Dark","Flying","Big Pecks","Overcoat","Weak Armor",370,"weak"
"730",630,"Mandibuzz",5,"Normal","Dark","Flying","Big Pecks","Overcoat","Weak Armor",510,"strong"
"731",631,"Heatmor",5,"Normal","Fire","","Gluttony","Flash Fire","White Smoke",484,"strong"
"732",632,"Durant",5,"Normal","Bug","Steel","Swarm","Hustle","Truant",484,"strong"
"733",633,"Deino",5,"Normal","Dark","Dragon","Hustle","","",300,"weak"
"734",634,"Zweilous",5,"Normal","Dark","Dragon","Hustle","","",420,"weak"
"735",635,"Hydreigon",5,"Normal","Dark","Dragon","Levitate","","",600,"strong"
"736",636,"Larvesta",5,"Normal","Bug","Fire","Flame Body","","Swarm",360,"weak"
"737",637,"Volcarona",5,"Normal","Bug","Fire","Flame Body","","Swarm",550,"strong"
"738",638,"Cobalion",5,"Sub Legendary","Steel","Fighting","Justified","","",580,"strong"
"739",639,"Terrakion",5,"Sub Legendary","Rock","Fighting","Justified","","",580,"strong"
"740",640,"Virizion",5,"Sub Legendary","Grass","Fighting","Justified","","",580,"strong"
"741",641,"Tornadus Incarnate Forme",5,"Sub Legendary","Flying","","Prankster","","Defiant",580,"strong"
"742",641,"Tornadus Therian Forme",5,"Sub Legendary","Flying","","Regenerator","","",580,"strong"
"743",642,"Thundurus Incarnate Forme",5,"Sub Legendary","Electric","Flying","Prankster","","Defiant",580,"strong"
"744",642,"Thundurus Therian Forme",5,"Sub Legendary","Electric","Flying","Volt Absorb","","",580,"strong"
"745",643,"Reshiram",5,"Legendary","Dragon","Fire","Turboblaze","","",680,"strong"
"746",644,"Zekrom",5,"Legendary","Dragon","Electric","Teravolt","","",680,"strong"
"747",645,"Landorus Incarnate Forme",5,"Sub Legendary","Ground","Flying","Sand Force","","Sheer Force",600,"strong"
"748",645,"Landorus Therian Forme",5,"Sub Legendary","Ground","Flying","Intimidate","","",600,"strong"
"749",646,"Kyurem",5,"Legendary","Dragon","Ice","Pressure","","",660,"strong"
"750",646,"Black Kyurem",5,"Legendary","Dragon","Ice","Teravolt","","",700,"strong"
"751",646,"White Kyurem",5,"Legendary","Dragon","Ice","Turboblaze","","",700,"strong"
"752",647,"Keldeo Ordinary Forme",5,"Mythical","Water","Fighting","Justified","","",580,"strong"
"753",647,"Keldeo Resolute Forme",5,"Mythical","Water","Fighting","Justified","","",580,"strong"
"754",648,"Meloetta Aria Forme",5,"Mythical","Normal","Psychic","Serene Grace","","",600,"strong"
"755",648,"Meloetta Pirouette Forme",5,"Mythical","Normal","Fighting","Serene Grace","","",600,"strong"
"756",649,"Genesect",5,"Mythical","Bug","Steel","Download","","",600,"strong"
"757",650,"Chespin",6,"Normal","Grass","","Overgrow","","Bulletproof",313,"weak"
"758",651,"Quilladin",6,"Normal","Grass","","Overgrow","","Bulletproof",405,"weak"
"759",652,"Chesnaught",6,"Normal","Grass","Fighting","Overgrow","","Bulletproof",530,"strong"
"760",653,"Fennekin",6,"Normal","Fire","","Blaze","","Magician",307,"weak"
"761",654,"Braixen",6,"Normal","Fire","","Blaze","","Magician",409,"weak"
"762",655,"Delphox",6,"Normal","Fire","Psychic","Blaze","","Magician",534,"strong"
"763",656,"Froakie",6,"Normal","Water","","Torrent","","Protean",314,"weak"
"764",657,"Frogadier",6,"Normal","Water","","Torrent","","Protean",405,"weak"
"765",658,"Greninja",6,"Normal","Water","Dark","Torrent","","Protean",530,"strong"
"766",658,"Ash-Greninja",6,"Normal","Water","Dark","Battle Bond","","",640,"strong"
"767",659,"Bunnelby",6,"Normal","Normal","","Pickup","Cheek Pouch","Huge Power",237,"weak"
"768",660,"Diggersby",6,"Normal","Normal","Ground","Pickup","Cheek Pouch","Huge Power",423,"weak"
"769",661,"Fletchling",6,"Normal","Normal","Flying","Big Pecks","","Gale Wings",278,"weak"
"770",662,"Fletchinder",6,"Normal","Fire","Flying","Flame Body","","Gale Wings",382,"weak"
"771",663,"Talonflame",6,"Normal","Fire","Flying","Flame Body","","Gale Wings",499,"strong"
"772",664,"Scatterbug",6,"Normal","Bug","","Shield Dust","Compound Eyes","Friend Guard",200,"weak"
"773",665,"Spewpa",6,"Normal","Bug","","Shed Skin","","Friend Guard",213,"weak"
"774",666,"Vivillon",6,"Normal","Bug","Flying","Shield Dust","Compound Eyes","Friend Guard",411,"weak"
"775",667,"Litleo",6,"Normal","Fire","Normal","Rivalry","Unnerve","Moxie",369,"weak"
"776",668,"Pyroar",6,"Normal","Fire","Normal","Rivalry","Unnerve","Moxie",507,"strong"
"777",669,"Flabébé",6,"Normal","Fairy","","Flower Veil","","Symbiosis",303,"weak"
"778",670,"Floette",6,"Normal","Fairy","","Flower Veil","","Symbiosis",371,"weak"
"779",671,"Florges",6,"Normal","Fairy","","Flower Veil","","Symbiosis",552,"strong"
"780",672,"Skiddo",6,"Normal","Grass","","Sap Sipper","","Grass Pelt",350,"weak"
"781",673,"Gogoat",6,"Normal","Grass","","Sap Sipper","","Grass Pelt",531,"strong"
"782",674,"Pancham",6,"Normal","Fighting","","Iron Fist","Mold Breaker","Scrappy",348,"weak"
"783",675,"Pangoro",6,"Normal","Fighting","Dark","Iron Fist","Mold Breaker","Scrappy",495,"strong"
"784",676,"Furfrou",6,"Normal","Normal","","Fur Coat","","",472,"strong"
"785",677,"Espurr",6,"Normal","Psychic","","Keen Eye","Infiltrator","Own Tempo",355,"weak"
"786",678,"Meowstic Male",6,"Normal","Psychic","","Keen Eye","Infiltrator","Prankster",466,"strong"
"787",678,"Meowstic Female",6,"Normal","Psychic","","Keen Eye","Infiltrator","Competitive",466,"strong"
"788",679,"Honedge",6,"Normal","Steel","Ghost","No Guard","","",325,"weak"
"789",680,"Doublade",6,"Normal","Steel","Ghost","No Guard","","",448,"strong"
"790",681,"Aegislash Blade Forme",6,"Normal","Steel","Ghost","Stance Change","","",520,"strong"
"791",681,"Aegislash Shield Forme",6,"Normal","Steel","Ghost","Stance Change","","",520,"strong"
"792",682,"Spritzee",6,"Normal","Fairy","","Healer","","Aroma Veil",341,"weak"
"793",683,"Aromatisse",6,"Normal","Fairy","","Healer","","Aroma Veil",462,"strong"
"794",684,"Swirlix",6,"Normal","Fairy","","Sweet Veil","","Unburden",341,"weak"
"795",685,"Slurpuff",6,"Normal","Fairy","","Sweet Veil","","Unburden",480,"strong"
"796",686,"Inkay",6,"Normal","Dark","Psychic","Contrary","Suction Cups","Infiltrator",288,"weak"
"797",687,"Malamar",6,"Normal","Dark","Psychic","Contrary","Suction Cups","Infiltrator",482,"strong"
"798",688,"Binacle",6,"Normal","Rock","Water","Sniper","Tough Claws","Pickpocket",306,"weak"
"799",689,"Barbaracle",6,"Normal","Rock","Water","Sniper","Tough Claws","Pickpocket",500,"strong"
"800",690,"Skrelp",6,"Normal","Poison","Water","Poison Point","Poison Touch","Adaptability",320,"weak"
"801",691,"Dragalge",6,"Normal","Poison","Dragon","Poison Point","Poison Touch","Adaptability",494,"strong"
"802",692,"Clauncher",6,"Normal","Water","","Mega Launcher","","",330,"weak"
"803",693,"Clawitzer",6,"Normal","Water","","Mega Launcher","","",500,"strong"
"804",694,"Helioptile",6,"Normal","Electric","Normal","Dry Skin","Sand Veil","Solar Power",289,"weak"
"805",695,"Heliolisk",6,"Normal","Electric","Normal","Dry Skin","Sand Veil","Solar Power",481,"strong"
"806",696,"Tyrunt",6,"Normal","Rock","Dragon","Strong Jaw","","Sturdy",362,"weak"
"807",697,"Tyrantrum",6,"Normal","Rock","Dragon","Strong Jaw","","Rock Head",521,"strong"
"808",698,"Amaura",6,"Normal","Rock","Ice","Refrigerate","","Snow Warning",362,"weak"
"809",699,"Aurorus",6,"Normal","Rock","Ice","Refrigerate","","Snow Warning",521,"strong"
"810",700,"Sylveon",6,"Normal","Fairy","","Cute Charm","","Pixilate",525,"strong"
"811",701,"Hawlucha",6,"Normal","Fighting","Flying","Limber","Unburden","Mold Breaker",500,"strong"
"812",702,"Dedenne",6,"Normal","Electric","Fairy","Cheek Pouch","Pickup","Plus",431,"weak"
"813",703,"Carbink",6,"Normal","Rock","Fairy","Clear Body","","Sturdy",500,"strong"
"814",704,"Goomy",6,"Normal","Dragon","","Sap Sipper","Hydration","Gooey",300,"weak"
"815",705,"Sliggoo",6,"Normal","Dragon","","Sap Sipper","Hydration","Gooey",452,"strong"
"816",706,"Goodra",6,"Normal","Dragon","","Sap Sipper","Hydration","Gooey",600,"strong"
"817",707,"Klefki",6,"Normal","Steel","Fairy","Prankster","","Magician",470,"strong"
"818",708,"Phantump",6,"Normal","Ghost","Grass","Natural Cure","Frisk","Harvest",309,"weak"
"819",709,"Trevenant",6,"Normal","Ghost","Grass","Natural Cure","Frisk","Harvest",474,"strong"
"820",710,"Pumpkaboo Average Size",6,"Normal","Ghost","Grass","Pickup","Frisk","Insomnia",335,"weak"
"821",710,"Pumpkaboo Small Size",6,"Normal","Ghost","Grass","Pickup","Frisk","Insomnia",335,"weak"
"822",710,"Pumpkaboo Large Size",6,"Normal","Ghost","Grass","Pickup","Frisk","Insomnia",335,"weak"
"823",710,"Pumpkaboo Super Size",6,"Normal","Ghost","Grass","Pickup","Frisk","Insomnia",335,"weak"
"824",711,"Gourgeist Average Size",6,"Normal","Ghost","Grass","Pickup","Frisk","Insomnia",494,"strong"
"825",711,"Gourgeist Small Size",6,"Normal","Ghost","Grass","Pickup","Frisk","Insomnia",494,"strong"
"826",711,"Gourgeist Large Size",6,"Normal","Ghost","Grass","Pickup","Frisk","Insomnia",494,"strong"
"827",711,"Gourgeist Super Size",6,"Normal","Ghost","Grass","Pickup","Frisk","Insomnia",494,"strong"
"828",712,"Bergmite",6,"Normal","Ice","","Own Tempo","Ice Body","Sturdy",304,"weak"
"829",713,"Avalugg",6,"Normal","Ice","","Own Tempo","Ice Body","Sturdy",514,"strong"
"830",714,"Noibat",6,"Normal","Flying","Dragon","Frisk","Infiltrator","Telepathy",245,"weak"
"831",715,"Noivern",6,"Normal","Flying","Dragon","Frisk","Infiltrator","Telepathy",535,"strong"
"832",716,"Xerneas",6,"Legendary","Fairy","","Fairy Aura","","",680,"strong"
"833",717,"Yveltal",6,"Legendary","Dark","Flying","Dark Aura","","",680,"strong"
"834",718,"Zygarde 50% Forme",6,"Legendary","Dragon","Ground","Aura Break","Power Construct","",600,"strong"
"835",718,"Zygarde 10% Forme",6,"Legendary","Dragon","Ground","Aura Break","Power Construct","",486,"strong"
"836",718,"Zygarde Complete Forme",6,"Legendary","Dragon","Ground","Power Construct","","",708,"strong"
"837",719,"Diancie",6,"Mythical","Rock","Fairy","Clear Body","","",600,"strong"
"838",719,"Mega Diancie",6,"Mythical","Rock","Fairy","Magic Bounce","","",700,"strong"
"839",720,"Hoopa Hoopa Confined",6,"Mythical","Psychic","Ghost","Magician","","",600,"strong"
"840",720,"Hoopa Hoopa Unbound",6,"Mythical","Psychic","Dark","Magician","","",680,"strong"
"841",721,"Volcanion",6,"Mythical","Fire","Water","Water Absorb","","",600,"strong"
"842",722,"Rowlet",7,"Normal","Grass","Flying","Overgrow","","Long Reach",320,"weak"
"843",723,"Dartrix",7,"Normal","Grass","Flying","Overgrow","","Long Reach",420,"weak"
"844",724,"Decidueye",7,"Normal","Grass","Ghost","Overgrow","","Long Reach",530,"strong"
"845",725,"Litten",7,"Normal","Fire","","Blaze","","Intimidate",320,"weak"
"846",726,"Torracat",7,"Normal","Fire","","Blaze","","Intimidate",420,"weak"
"847",727,"Incineroar",7,"Normal","Fire","Dark","Blaze","","Intimidate",530,"strong"
"848",728,"Popplio",7,"Normal","Water","","Torrent","","Liquid Voice",320,"weak"
"849",729,"Brionne",7,"Normal","Water","","Torrent","","Liquid Voice",420,"weak"
"850",730,"Primarina",7,"Normal","Water","Fairy","Torrent","","Liquid Voice",530,"strong"
"851",731,"Pikipek",7,"Normal","Normal","Flying","Keen Eye","Skill Link","Pickup",265,"weak"
"852",732,"Trumbeak",7,"Normal","Normal","Flying","Keen Eye","Skill Link","Pickup",355,"weak"
"853",733,"Toucannon",7,"Normal","Normal","Flying","Keen Eye","Skill Link","Sheer Force",485,"strong"
"854",734,"Yungoos",7,"Normal","Normal","","Strong Jaw","Stakeout","Adaptability",253,"weak"
"855",735,"Gumshoos",7,"Normal","Normal","","Strong Jaw","Stakeout","Adaptability",418,"weak"
"856",736,"Grubbin",7,"Normal","Bug","","Swarm","","",300,"weak"
"857",737,"Charjabug",7,"Normal","Bug","Electric","Battery","","",400,"weak"
"858",738,"Vikavolt",7,"Normal","Bug","Electric","Levitate","","",500,"strong"
"859",739,"Crabrawler",7,"Normal","Fighting","","Hyper Cutter","Iron Fist","Anger Point",338,"weak"
"860",740,"Crabominable",7,"Normal","Fighting","Ice","Hyper Cutter","Iron Fist","Anger Point",478,"strong"
"861",741,"Oricorio Baile Style",7,"Normal","Fire","Flying","Dancer","","",476,"strong"
"862",741,"Oricorio Pom-Pom Style",7,"Normal","Electric","Flying","Dancer","","",476,"strong"
"863",741,"Oricorio Pa'u Style",7,"Normal","Psychic","Flying","Dancer","","",476,"strong"
"864",741,"Oricorio Sensu Style",7,"Normal","Ghost","Flying","Dancer","","",476,"strong"
"865",742,"Cutiefly",7,"Normal","Bug","Fairy","Honey Gather","Shield Dust","Sweet Veil",304,"weak"
"866",743,"Ribombee",7,"Normal","Bug","Fairy","Honey Gather","Shield Dust","Sweet Veil",464,"strong"
"867",744,"Rockruff",7,"Normal","Rock","","Keen Eye","Vital Spirit","Steadfast",280,"weak"
"868",744,"Own Tempo Rockruff",7,"Normal","Rock","","Own Tempo","","",280,"weak"
"869",745,"Lycanroc Midday Form",7,"Normal","Rock","","Keen Eye","Sand Rush","Steadfast",487,"strong"
"870",745,"Lycanroc Midnight Form",7,"Normal","Rock","","Keen Eye","Vital Spirit","No Guard",487,"strong"
"871",745,"Lycanroc Dusk Form",7,"Normal","Rock","","Tough Claws","","",487,"strong"
"872",746,"Wishiwashi Solo Form",7,"Normal","Water","","Schooling","","",175,"weak"
"873",746,"Wishiwashi School Form",7,"Normal","Water","","Schooling","","",620,"strong"
"874",747,"Mareanie",7,"Normal","Poison","Water","Merciless","Limber","Regenerator",305,"weak"
"875",748,"Toxapex",7,"Normal","Poison","Water","Merciless","Limber","Regenerator",495,"strong"
"876",749,"Mudbray",7,"Normal","Ground","","Own Tempo","Stamina","Inner Focus",385,"weak"
"877",750,"Mudsdale",7,"Normal","Ground","","Own Tempo","Stamina","Inner Focus",500,"strong"
"878",751,"Dewpider",7,"Normal","Water","Bug","Water Bubble","","Water Absorb",269,"weak"
"879",752,"Araquanid",7,"Normal","Water","Bug","Water Bubble","","Water Absorb",454,"strong"
"880",753,"Fomantis",7,"Normal","Grass","","Leaf Guard","","Contrary",250,"weak"
"881",754,"Lurantis",7,"Normal","Grass","","Leaf Guard","","Contrary",480,"strong"
"882",755,"Morelull",7,"Normal","Grass","Fairy","Illuminate","Effect Spore","Rain Dish",285,"weak"
"883",756,"Shiinotic",7,"Normal","Grass","Fairy","Illuminate","Effect Spore","Rain Dish",405,"weak"
"884",757,"Salandit",7,"Normal","Poison","Fire","Corrosion","","Oblivious",320,"weak"
"885",758,"Salazzle",7,"Normal","Poison","Fire","Corrosion","","Oblivious",480,"strong"
"886",759,"Stufful",7,"Normal","Normal","Fighting","Fluffy","Klutz","Cute Charm",340,"weak"
"887",760,"Bewear",7,"Normal","Normal","Fighting","Fluffy","Klutz","Unnerve",500,"strong"
"888",761,"Bounsweet",7,"Normal","Grass","","Leaf Guard","Oblivious","Sweet Veil",210,"weak"
"889",762,"Steenee",7,"Normal","Grass","","Leaf Guard","Oblivious","Sweet Veil",290,"weak"
"890",763,"Tsareena",7,"Normal","Grass","","Leaf Guard","Queenly Majesty","Sweet Veil",510,"strong"
"891",764,"Comfey",7,"Normal","Fairy","","Flower Veil","Triage","Natural Cure",485,"strong"
"892",765,"Oranguru",7,"Normal","Normal","Psychic","Inner Focus","Telepathy","Symbiosis",490,"strong"
"893",766,"Passimian",7,"Normal","Fighting","","Receiver","","Defiant",490,"strong"
"894",767,"Wimpod",7,"Normal","Bug","Water","Wimp Out","","",230,"weak"
"895",768,"Golisopod",7,"Normal","Bug","Water","Emergency Exit","","",530,"strong"
"896",769,"Sandygast",7,"Normal","Ghost","Ground","Water Compaction","","Sand Veil",320,"weak"
"897",770,"Palossand",7,"Normal","Ghost","Ground","Water Compaction","","Sand Veil",480,"strong"
"898",771,"Pyukumuku",7,"Normal","Water","","Innards Out","","Unaware",410,"strong"
"899",772,"Type: Null",7,"Sub Legendary","Normal","","Battle Armor","","",534,"strong"
"900",773,"Silvally",7,"Sub Legendary","Normal","","RKS System","","",570,"strong"
"901",774,"Minior Meteor Form",7,"Normal","Rock","Flying","Shields Down","","",440,"strong"
"902",774,"Minior Core Form",7,"Normal","Rock","Flying","Shields Down","","",500,"strong"
"903",775,"Komala",7,"Normal","Normal","","Comatose","","",480,"strong"
"904",776,"Turtonator",7,"Normal","Fire","Dragon","Shell Armor","","",485,"strong"
"905",777,"Togedemaru",7,"Normal","Electric","Steel","Iron Barbs","Lightning Rod","Sturdy",435,"strong"
"906",778,"Mimikyu",7,"Normal","Ghost","Fairy","Disguise","","",476,"strong"
"907",779,"Bruxish",7,"Normal","Water","Psychic","Dazzling","Strong Jaw","Wonder Skin",475,"strong"
"908",780,"Drampa",7,"Normal","Normal","Dragon","Berserk","Sap Sipper","Cloud Nine",485,"strong"
"909",781,"Dhelmise",7,"Normal","Ghost","Grass","Steelworker","","",517,"strong"
"910",782,"Jangmo-o",7,"Normal","Dragon","","Bulletproof","Soundproof","Overcoat",300,"weak"
"911",783,"Hakamo-o",7,"Normal","Dragon","Fighting","Bulletproof","Soundproof","Overcoat",420,"weak"
"912",784,"Kommo-o",7,"Normal","Dragon","Fighting","Bulletproof","Soundproof","Overcoat",600,"strong"
"913",785,"Tapu Koko",7,"Sub Legendary","Electric","Fairy","Electric Surge","","Telepathy",570,"strong"
"914",786,"Tapu Lele",7,"Sub Legendary","Psychic","Fairy","Psychic Surge","","Telepathy",570,"strong"
"915",787,"Tapu Bulu",7,"Sub Legendary","Grass","Fairy","Grassy Surge","","Telepathy",570,"strong"
"916",788,"Tapu Fini",7,"Sub Legendary","Water","Fairy","Misty Surge","","Telepathy",570,"strong"
"917",789,"Cosmog",7,"Legendary","Psychic","","Unaware","","",200,"weak"
"918",790,"Cosmoem",7,"Legendary","Psychic","","Sturdy","","",400,"weak"
"919",791,"Solgaleo",7,"Legendary","Psychic","Steel","Full Metal Body","","",680,"strong"
"920",792,"Lunala",7,"Legendary","Psychic","Ghost","Shadow Shield","","",680,"strong"
"921",793,"Nihilego",7,"Sub Legendary","Rock","Poison","Beast Boost","","",570,"strong"
"922",794,"Buzzwole",7,"Sub Legendary","Bug","Fighting","Beast Boost","","",570,"strong"
"923",795,"Pheromosa",7,"Sub Legendary","Bug","Fighting","Beast Boost","","",570,"strong"
"924",796,"Xurkitree",7,"Sub Legendary","Electric","","Beast Boost","","",570,"strong"
"925",797,"Celesteela",7,"Sub Legendary","Steel","Flying","Beast Boost","","",570,"strong"
"926",798,"Kartana",7,"Sub Legendary","Grass","Steel","Beast Boost","","",570,"strong"
"927",799,"Guzzlord",7,"Sub Legendary","Dark","Dragon","Beast Boost","","",570,"strong"
"928",800,"Necrozma",7,"Legendary","Psychic","","Prism Armor","","",600,"strong"
"929",800,"Dusk Mane Necrozma",7,"Legendary","Psychic","Steel","Prism Armor","","",680,"strong"
"930",800,"Dawn Wings Necrozma",7,"Legendary","Psychic","Ghost","Prism Armor","","",680,"strong"
"931",800,"Ultra Necrozma",7,"Legendary","Psychic","Dragon","Neuroforce","","",754,"strong"
"932",801,"Magearna",7,"Mythical","Steel","Fairy","Soul-Heart","","",600,"strong"
"933",802,"Marshadow",7,"Mythical","Fighting","Ghost","Technician","","",600,"strong"
"934",803,"Poipole",7,"Sub Legendary","Poison","","Beast Boost","","",420,"weak"
"935",804,"Naganadel",7,"Sub Legendary","Poison","Dragon","Beast Boost","","",540,"strong"
"936",805,"Stakataka",7,"Sub Legendary","Rock","Steel","Beast Boost","","",570,"strong"
"937",806,"Blacephalon",7,"Sub Legendary","Fire","Ghost","Beast Boost","","",570,"strong"
"938",807,"Zeraora",7,"Mythical","Electric","","Volt Absorb","","",600,"strong"
"939",808,"Meltan",7,"Mythical","Steel","","Magnet Pull","","",300,"weak"
"940",809,"Melmetal",7,"Mythical","Steel","","Iron Fist","","",600,"strong"
"941",810,"Grookey",8,"Normal","Grass","","Overgrow","","Grassy Surge",310,"weak"
"942",811,"Thwackey",8,"Normal","Grass","","Overgrow","","Grassy Surge",420,"weak"
"943",812,"Rillaboom",8,"Normal","Grass","","Overgrow","","Grassy Surge",530,"strong"
"944",813,"Scorbunny",8,"Normal","Fire","","Blaze","","Libero",310,"weak"
"945",814,"Raboot",8,"Normal","Fire","","Blaze","","Libero",420,"weak"
"946",815,"Cinderace",8,"Normal","Fire","","Blaze","","Libero",530,"strong"
"947",816,"Sobble",8,"Normal","Water","","Torrent","","Sniper",310,"weak"
"948",817,"Drizzile",8,"Normal","Water","","Torrent","","Sniper",420,"weak"
"949",818,"Inteleon",8,"Normal","Water","","Torrent","","Sniper",530,"strong"
"950",819,"Skwovet",8,"Normal","Normal","","Cheek Pouch","","Gluttony",275,"weak"
"951",820,"Greedent",8,"Normal","Normal","","Cheek Pouch","","Gluttony",460,"strong"
"952",821,"Rookidee",8,"Normal","Flying","","Keen Eye","Unnerve","Big Pecks",245,"weak"
"953",822,"Corvisquire",8,"Normal","Flying","","Keen Eye","Unnerve","Big Pecks",365,"weak"
"954",823,"Corviknight",8,"Normal","Flying","Steel","Pressure","Unnerve","Mirror Armor",495,"strong"
"955",824,"Blipbug",8,"Normal","Bug","","Swarm","Compound Eyes","Telepathy",180,"weak"
"956",825,"Dottler",8,"Normal","Bug","Psychic","Swarm","Compound Eyes","Telepathy",335,"weak"
"957",826,"Orbeetle",8,"Normal","Bug","Psychic","Swarm","Frisk","Telepathy",505,"strong"
"958",827,"Nickit",8,"Normal","Dark","","Run Away","Unburden","Stakeout",245,"weak"
"959",828,"Thievul",8,"Normal","Dark","","Run Away","Unburden","Stakeout",455,"strong"
"960",829,"Gossifleur",8,"Normal","Grass","","Cotton Down","Regenerator","Effect Spore",250,"weak"
"961",830,"Eldegoss",8,"Normal","Grass","","Cotton Down","Regenerator","Effect Spore",460,"strong"
"962",831,"Wooloo",8,"Normal","Normal","","Fluffy","Run Away","Bulletproof",270,"weak"
"963",832,"Dubwool",8,"Normal","Normal","","Fluffy","Steadfast","Bulletproof",490,"strong"
"964",833,"Chewtle",8,"Normal","Water","","Strong Jaw","Shell Armor","Swift Swim",284,"weak"
"965",834,"Drednaw",8,"Normal","Water","Rock","Strong Jaw","Shell Armor","Swift Swim",485,"strong"
"966",835,"Yamper",8,"Normal","Electric","","Ball Fetch","","Rattled",270,"weak"
"967",836,"Boltund",8,"Normal","Electric","","Strong Jaw","","Competitive",490,"strong"
"968",837,"Rolycoly",8,"Normal","Rock","","Steam Engine","Heatproof","Flash Fire",240,"weak"
"969",838,"Carkol",8,"Normal","Rock","Fire","Steam Engine","Flame Body","Flash Fire",410,"weak"
"970",839,"Coalossal",8,"Normal","Rock","Fire","Steam Engine","Flame Body","Flash Fire",510,"strong"
"971",840,"Applin",8,"Normal","Grass","Dragon","Ripen","Gluttony","Bulletproof",260,"weak"
"972",841,"Flapple",8,"Normal","Grass","Dragon","Ripen","Gluttony","Hustle",485,"strong"
"973",842,"Appletun",8,"Normal","Grass","Dragon","Ripen","Gluttony","Thick Fat",485,"strong"
"974",843,"Silicobra",8,"Normal","Ground","","Sand Spit","Shed Skin","Sand Veil",315,"weak"
"975",844,"Sandaconda",8,"Normal","Ground","","Sand Spit","Shed Skin","Sand Veil",510,"strong"
"976",845,"Cramorant",8,"Normal","Flying","Water","Gulp Missile","","",475,"strong"
"977",846,"Arrokuda",8,"Normal","Water","","Swift Swim","","Propeller Tail",280,"weak"
"978",847,"Barraskewda",8,"Normal","Water","","Swift Swim","","Propeller Tail",490,"strong"
"979",848,"Toxel",8,"Normal","Electric","Poison","Rattled","Static","Klutz",242,"weak"
"980",849,"Toxtricity Low Key Form",8,"Normal","Electric","Poison","Punk Rock","Minus","Technician",502,"strong"
"981",849,"Toxtricity Amped Form",8,"Normal","Electric","Poison","Punk Rock","Plus","Technician",502,"strong"
"982",850,"Sizzlipede",8,"Normal","Fire","Bug","Flash Fire","White Smoke","Flame Body",305,"weak"
"983",851,"Centiskorch",8,"Normal","Fire","Bug","Flash Fire","White Smoke","Flame Body",525,"strong"
"984",852,"Clobbopus",8,"Normal","Fighting","","Limber","","Technician",310,"weak"
"985",853,"Grapploct",8,"Normal","Fighting","","Limber","","Technician",480,"strong"
"986",854,"Sinistea",8,"Normal","Ghost","","Weak Armor","","Cursed Body",308,"weak"
"987",855,"Polteageist",8,"Normal","Ghost","","Weak Armor","","Cursed Body",508,"strong"
"988",856,"Hatenna",8,"Normal","Psychic","","Healer","Anticipation","Magic Bounce",265,"weak"
"989",857,"Hattrem",8,"Normal","Psychic","","Healer","Anticipation","Magic Bounce",370,"weak"
"990",858,"Hatterene",8,"Normal","Psychic","Fairy","Healer","Anticipation","Magic Bounce",510,"strong"
"991",859,"Impidimp",8,"Normal","Dark","Fairy","Prankster","Frisk","Pickpocket",265,"weak"
"992",860,"Morgrem",8,"Normal","Dark","Fairy","Prankster","Frisk","Pickpocket",370,"weak"
"993",861,"Grimmsnarl",8,"Normal","Dark","Fairy","Prankster","Frisk","Pickpocket",510,"strong"
"994",862,"Obstagoon",8,"Normal","Dark","Normal","Reckless","Guts","Defiant",520,"strong"
"995",863,"Perrserker",8,"Normal","Steel","","Battle Armor","Tough Claws","Steely Spirit",440,"strong"
"996",864,"Cursola",8,"Normal","Ghost","","Weak Armor","","Perish Body",510,"strong"
"997",865,"Sirfetch'd",8,"Normal","Fighting","","Steadfast","","Scrappy",507,"strong"
"998",866,"Mr. Rime",8,"Normal","Psychic","Ice","Tangled Feet","Screen Cleaner","Ice Body",520,"strong"
"999",867,"Runerigus",8,"Normal","Ground","Ghost","Wandering Spirit","","",483,"strong"
"1000",868,"Milcery",8,"Normal","Fairy","","Sweet Veil","","Aroma Veil",270,"weak"
"1001",869,"Alcremie",8,"Normal","Fairy","","Sweet Veil","","Aroma Veil",495,"strong"
"1002",870,"Falinks",8,"Normal","Fighting","","Battle Armor","","Defiant",470,"strong"
"1003",871,"Pincurchin",8,"Normal","Electric","","Lightning Rod","","Electric Surge",435,"strong"
"1004",872,"Snom",8,"Normal","Ice","Bug","Shield Dust","","Ice Scales",185,"weak"
"1005",873,"Frosmoth",8,"Normal","Ice","Bug","Shield Dust","","Ice Scales",475,"strong"
"1006",874,"Stonjourner",8,"Normal","Rock","","Power Spot","","",470,"strong"
"1007",875,"Eiscue Ice Face",8,"Normal","Ice","","Ice Face","","",470,"strong"
"1008",875,"Eiscue Noice Face",8,"Normal","Ice","","Ice Face","","",470,"strong"
"1009",876,"Indeedee Male",8,"Normal","Psychic","Normal","Inner Focus","Synchronize","Psychic Surge",475,"strong"
"1010",876,"Indeedee Female",8,"Normal","Psychic","Normal","Own Tempo","Synchronize","Psychic Surge",475,"strong"
"1011",877,"Morpeko Full Belly Mode",8,"Normal","Electric","Dark","Hunger Switch","","",436,"strong"
"1012",877,"Morpeko Hangry Mode",8,"Normal","Electric","Dark","Hunger Switch","","",436,"strong"
"1013",878,"Cufant",8,"Normal","Steel","","Sheer Force","","Heavy Metal",330,"weak"
"1014",879,"Copperajah",8,"Normal","Steel","","Sheer Force","","Heavy Metal",500,"strong"
"1015",880,"Dracozolt",8,"Normal","Electric","Dragon","Volt Absorb","Hustle","Sand Rush",505,"strong"
"1016",881,"Arctozolt",8,"Normal","Electric","Ice","Volt Absorb","Static","Slush Rush",505,"strong"
"1017",882,"Dracovish",8,"Normal","Water","Dragon","Water Absorb","Strong Jaw","Sand Rush",505,"strong"
"1018",883,"Arctovish",8,"Normal","Water","Ice","Water Absorb","Ice Body","Slush Rush",505,"strong"
"1019",884,"Duraludon",8,"Normal","Steel","Dragon","Light Metal","Heavy Metal","Stalwart",535,"strong"
"1020",885,"Dreepy",8,"Normal","Dragon","Ghost","Clear Body","Infiltrator","Cursed Body",270,"weak"
"1021",886,"Drakloak",8,"Normal","Dragon","Ghost","Clear Body","Infiltrator","Cursed Body",410,"weak"
"1022",887,"Dragapult",8,"Normal","Dragon","Ghost","Clear Body","Infiltrator","Cursed Body",600,"strong"
"1023",888,"Zacian Crowned Sword",8,"Legendary","Fairy","Steel","Intrepid Sword","","",720,"strong"
"1024",888,"Zacian Hero of Many Battles",8,"Legendary","Fairy","","Intrepid Sword","","",670,"strong"
"1025",889,"Zamazenta Crowned Shield",8,"Legendary","Fighting","Steel","Dauntless Shield","","",720,"strong"
"1026",889,"Zamazenta Hero of Many Battles",8,"Legendary","Fighting","","Dauntless Shield","","",670,"strong"
"1027",890,"Eternatus",8,"Legendary","Poison","Dragon","Pressure","","",690,"strong"
"1028",890,"Eternatus Eternamax",8,"Legendary","Poison","Dragon","","","",1125,"strong"
